file,names
0015f9b4.jpg,{'w_3d66298'}
003abee6.jpg,{'w_9122179'}
003ac3da.jpg,{'w_3e4bb3f'}
0056000b.jpg,{'w_38a3f72'}
0067109a.jpg,{'w_654a5bb'}
007b353c.jpg,{'w_b3655a6'}
00ac0428.jpg,{'new_whale'}
00ba8a1f.jpg,{'w_1911cbb'}
00f6144a.jpg,{'w_f03ca16'}
00f8a2e9.jpg,{'w_3694c7d'}
011ecf53.jpg,{'new_whale'}
0126c54c.jpg,{'w_7049d9f'}
012acadb.jpg,{'w_9868b95'}
012e93ba.jpg,{'w_f86488a'}
0140ff79.jpg,{'w_20ba84b'}
01485623.jpg,{'w_28cd742'}
0155fbc9.jpg,{'w_f4e0748'}
016672a3.jpg,{'w_2d2de1d'}
016ed817.jpg,{'w_693c9ee'}
01ac69d4.jpg,{'w_2d99a0c'}
01d7717e.jpg,{'w_5e57e8b'}
02011e3d.jpg,{'w_5f50b5e'}
024b37ba.jpg,{'w_83714b7'}
0266c5b9.jpg,{'w_2957331'}
0281dcb3.jpg,{'new_whale'}
02931ea9.jpg,{'w_57186e5'}
02bc3885.jpg,{'w_9948a99'}
02d1ea75.jpg,{'w_715d152'}
02e4cbe1.jpg,{'new_whale'}
03092073.jpg,{'w_ea90267'}
030ac4a7.jpg,{'w_ec354a5'}
033e77b1.jpg,{'w_be3c0f5'}
033eee72.jpg,{'w_9ae554b'}
03a6788d.jpg,{'w_b4732ef'}
03ed35cc.jpg,{'w_5d50ea2'}
03ef82dd.jpg,{'w_018bc64'}
03fa1cb6.jpg,{'w_0a565c5'}
04342c48.jpg,{'w_ccfdb00'}
0442910d.jpg,{'w_fd07344'}
04494ac2.jpg,{'w_5fbef36'}
04782092.jpg,{'new_whale'}
0480833f.jpg,{'w_dce3192'}
048ee592.jpg,{'w_1287fbc'}
04daa8f0.jpg,{'w_abe383e'}
04e42b2c.jpg,{'w_7852bd1'}
04fdbb18.jpg,{'w_2e872af'}
052c1353.jpg,{'w_fba3bde'}
053bfc7e.jpg,{'w_34fd328'}
0566148a.jpg,{'w_d4bc10d'}
0567973e.jpg,{'new_whale'}
059c0d79.jpg,{'w_654a5bb'}
05df666d.jpg,{'w_9e862ac'}
0622333a.jpg,{'w_ca5f17f'}
0647afb6.jpg,{'w_1e5a146'}
06923a5a.jpg,{'w_f0d8be1'}
06bcc8dd.jpg,{'w_63d1ea6'}
06bcf1df.jpg,{'w_8397970'}
06c4a3a5.jpg,{'w_b9e00eb'}
06e4483c.jpg,{'w_90ec71a'}
0703bb75.jpg,{'w_ace8c54'}
070a0cfd.jpg,{'w_ab6db0f'}
07441b1a.jpg,{'w_6b3402d'}
077839e0.jpg,{'w_19ca2c6'}
077d632e.jpg,{'w_8103039'}
07c2f963.jpg,{'w_7c91fa7'}
07c8a7ab.jpg,{'new_whale'}
07db8f14.jpg,{'new_whale'}
07f72a6c.jpg,{'w_19ca2c6'}
0809716b.jpg,{'w_52b06b1'}
080c3e94.jpg,{'w_dd90e0a'}
080e9751.jpg,{'w_78f2e92'}
081471ad.jpg,{'w_0dee306'}
0858b313.jpg,{'w_8d46cef'}
08655c0f.jpg,{'w_0cb6294'}
089deef1.jpg,{'w_21e178f'}
08abb450.jpg,{'w_8201aa8'}
08bd7ff9.jpg,{'w_69185bb'}
08d41bb4.jpg,{'w_5cc2285'}
08e7f5ae.jpg,{'w_ee9c4d7'}
08e80f33.jpg,{'w_b318111'}
08e8807c.jpg,{'w_b678944'}
09038032.jpg,{'w_1743d93'}
090ded85.jpg,{'w_83a922d'}
091f2b44.jpg,{'w_ebe0ad5'}
0922c443.jpg,{'w_17964ef'}
09293d9b.jpg,{'w_6751cb2'}
09342d74.jpg,{'new_whale'}
095bf27c.jpg,{'w_1a70685'}
096813b1.jpg,{'w_16ea0b2'}
0974d632.jpg,{'w_78999a6'}
09823c77.jpg,{'w_423e872'}
09a64684.jpg,{'w_dfd7ee8'}
09ced459.jpg,{'w_5dbe64d'}
09d276c0.jpg,{'w_8fd5636'}
09e3ccf8.jpg,{'w_bb37d93'}
09f90f96.jpg,{'w_aed1e43'}
0a06a1a8.jpg,{'w_a779e16'}
0a191b6b.jpg,{'new_whale'}
0a1e0918.jpg,{'w_376a413'}
0a3cd4cb.jpg,{'w_4b47559'}
0a533e48.jpg,{'w_ffb4e3d'}
0a8b87d1.jpg,{'new_whale'}
0a8fbbf4.jpg,{'w_3cf3853'}
0a91423b.jpg,{'w_d19a884'}
0a9e4edc.jpg,{'w_52c8684'}
0ab18714.jpg,{'w_1fd0d0e'}
0ab5c2da.jpg,{'w_6dd7c3d'}
0abddb6c.jpg,{'w_41ed8e8'}
0ac52fa3.jpg,{'w_8201aa8'}
0ade17ea.jpg,{'w_dd086b2'}
0ae1a68a.jpg,{'w_9b401eb'}
0b31d9b7.jpg,{'new_whale'}
0b4b540a.jpg,{'w_e62b5d8'}
0b651283.jpg,{'new_whale'}
0b93669d.jpg,{'w_8d46cef'}
0b9f6c8c.jpg,{'w_06ff732'}
0bab5849.jpg,{'w_ceffa10'}
0c3b1052.jpg,{'w_3b0894d'}
0c77fb85.jpg,{'w_6249f5d'}
0c89d1f6.jpg,{'w_66c1b54'}
0cbd5aca.jpg,{'w_4b87cba'}
0ccf408f.jpg,{'w_f803b29'}
0cddff0c.jpg,{'w_33c3ce1'}
0d4ca8ca.jpg,{'w_9ec358c'}
0d5ccab8.jpg,{'new_whale'}
0d857529.jpg,{'w_36ac97f'}
0d8ab7fd.jpg,{'w_38e4aae'}
0da36c22.jpg,{'w_212b985'}
0db2fac7.jpg,{'w_9151503'}
0db6eca7.jpg,{'w_f3bd33a'}
0dc1225d.jpg,{'w_98baff9'}
0ddc742a.jpg,{'w_2832e90'}
0defda95.jpg,{'w_6d17527'}
0e1f0a1b.jpg,{'w_37223f9'}
0e2ad534.jpg,{'w_e594616'}
0e41e750.jpg,{'w_469f571'}
0e987496.jpg,{'w_44cccf6'}
0ecfc3c4.jpg,{'w_b96d4e0'}
0edad302.jpg,{'w_8e4abc9'}
0f1db116.jpg,{'w_351a1e1'}
0fb4822b.jpg,{'w_136337c'}
0fe297c2.jpg,{'w_06dbe6b'}
10128953.jpg,{'w_1e3ce01'}
10152392.jpg,{'w_5ba417d'}
10273aaa.jpg,{'w_2071a4c'}
1061ba94.jpg,{'w_654a5bb'}
107234c0.jpg,{'w_654a5bb'}
107fbca3.jpg,{'w_aa3d7b8'}
1091c1d2.jpg,{'w_b1acbb9'}
10a0d727.jpg,{'w_17ee910'}
10edd168.jpg,{'w_6918155'}
1135131b.jpg,{'w_1489751'}
113e7dfe.jpg,{'w_56bbc91'}
114384bb.jpg,{'w_59349ea'}
1147d91b.jpg,{'w_d141590'}
116f7f77.jpg,{'w_8b1cd49'}
11863943.jpg,{'w_a25d46c'}
118a681a.jpg,{'w_ae27ddc'}
11d880cf.jpg,{'w_ee948c6'}
11f7e46f.jpg,{'w_b80a9c5'}
12095c70.jpg,{'w_a66b2a5'}
122a6d0b.jpg,{'w_ba17206'}
1236f7f4.jpg,{'w_c0d494d'}
1246c901.jpg,{'w_cc759cd'}
12789b63.jpg,{'w_f115d53'}
1281321b.jpg,{'w_4a78bf2'}
12f2232b.jpg,{'w_1e45a47'}
12f9c120.jpg,{'w_b0b275e'}
13096e25.jpg,{'w_3197568'}
132e6ceb.jpg,{'w_73b705e'}
1338f2db.jpg,{'w_e80641a'}
133aefa1.jpg,{'w_f8e6546'}
135e66d5.jpg,{'w_1917275'}
1385abe3.jpg,{'w_badfc4b'}
13997993.jpg,{'new_whale'}
139c7502.jpg,{'w_76d2cce'}
139e00a9.jpg,{'w_9948a99'}
13abdc63.jpg,{'w_d249ed6'}
13d89cea.jpg,{'w_06a6351'}
13f70599.jpg,{'w_affdf5d'}
1419d98c.jpg,{'w_8a2e496'}
14224b84.jpg,{'w_aae82f8'}
14385bcb.jpg,{'new_whale'}
144a474e.jpg,{'w_7c6ad05'}
146dc74e.jpg,{'w_bf4880a'}
147040d2.jpg,{'w_248af0b'}
1484d7b4.jpg,{'w_c0daf38'}
14908739.jpg,{'new_whale'}
14936c65.jpg,{'w_7cfaa82'}
14ab5e1e.jpg,{'w_4fd48e7'}
14bd4c61.jpg,{'w_219e33c'}
14ca3e87.jpg,{'w_e594616'}
14cdb2cd.jpg,{'w_462a117'}
14e2f693.jpg,{'w_acc67ea'}
14e3afb2.jpg,{'w_2fe43c7'}
14ece634.jpg,{'w_94e1ed4'}
150bc841.jpg,{'w_b942708'}
15868edb.jpg,{'w_be20b46'}
1596a1f0.jpg,{'w_bb2d34d'}
15d30ae9.jpg,{'w_1638016'}
15dac55a.jpg,{'w_3cf3853'}
15db0c99.jpg,{'w_6e42b8e'}
15e89133.jpg,{'w_ccb4adc'}
16087b29.jpg,{'w_67de30b'}
1627d426.jpg,{'w_2071a4c'}
16843cf1.jpg,{'w_2663598'}
16946573.jpg,{'w_6cef37c'}
1698ffd8.jpg,{'w_7bda16b'}
16a4bf9e.jpg,{'w_b0362e2'}
16a98e7e.jpg,{'w_29670e2'}
16c99a01.jpg,{'w_83a922d'}
16d28d71.jpg,{'w_ca0ec7c'}
16e8218b.jpg,{'w_66c1b54'}
17120fbd.jpg,{'new_whale'}
176f334d.jpg,{'w_0dbfc31'}
177174a7.jpg,{'new_whale'}
1781e458.jpg,{'w_5415fcb'}
17a07b69.jpg,{'w_2184d07'}
17af613a.jpg,{'w_b081817'}
17fbdea5.jpg,{'w_d7de1ee'}
182d295f.jpg,{'w_dbb786d'}
185bdaad.jpg,{'new_whale'}
187da3e1.jpg,{'w_16ea0b2'}
18dabf47.jpg,{'new_whale'}
19111464.jpg,{'w_be0fefb'}
192f4021.jpg,{'new_whale'}
19b5b60c.jpg,{'w_a048f26'}
19cfb1e9.jpg,{'new_whale'}
1a0b3c37.jpg,{'w_aa16da4'}
1a12eb86.jpg,{'w_2d99a0c'}
1a648b03.jpg,{'w_6af9dd7'}
1aba79d0.jpg,{'w_e73d83c'}
1af13c8e.jpg,{'w_d4eb9ed'}
1b2afadf.jpg,{'w_8dcd784'}
1b3d52b1.jpg,{'w_008c602'}
1b416f77.jpg,{'w_d053be5'}
1b556f40.jpg,{'w_d35355e'}
1b77602d.jpg,{'new_whale'}
1b851846.jpg,{'w_837646b'}
1ba6c9d3.jpg,{'w_bd61ca9'}
1c2fce45.jpg,{'new_whale'}
1c5e57cb.jpg,{'w_85755f7'}
1c7e4b95.jpg,{'w_e42c624'}
1c809c0e.jpg,{'w_ea4935f'}
1cb5548c.jpg,{'w_a5f6c33'}
1cb55d8d.jpg,{'w_17ee910'}
1cb60c1e.jpg,{'w_773509f'}
1cba4519.jpg,{'w_db0ad01'}
1cbfe28b.jpg,{'w_b8236d6'}
1cd2d799.jpg,{'w_681dba6'}
1ce2d1b0.jpg,{'w_dc89c4c'}
1ce30a8d.jpg,{'w_303518a'}
1cf9c199.jpg,{'w_c59d04b'}
1cff9f8d.jpg,{'w_9151503'}
1d5c2c9e.jpg,{'w_dd8299b'}
1d6b0350.jpg,{'w_07abdff'}
1dbaca27.jpg,{'w_18a854b'}
1df1f4b4.jpg,{'w_e17b0f1'}
1df9e9d1.jpg,{'w_b9f5b8b'}
1e1c33ec.jpg,{'w_cb9220b'}
1e232b48.jpg,{'w_5297ab3'}
1e2fb477.jpg,{'w_dcb1f2a'}
1e50e6a7.jpg,{'w_d1d8f98'}
1e7821a1.jpg,{'new_whale'}
1e96596a.jpg,{'w_b0b275e'}
1e9b2bef.jpg,{'w_ddb4c8d'}
1ea5bf57.jpg,{'w_011d4b5'}
1ec98915.jpg,{'new_whale'}
1ecde851.jpg,{'w_4659acf'}
1ed257d5.jpg,{'w_f51b4bc'}
1ee25b72.jpg,{'w_b96d4e0'}
1f0d10a2.jpg,{'w_05b2ddd'}
1f2eedc6.jpg,{'new_whale'}
1f378328.jpg,{'new_whale'}
1f473961.jpg,{'w_9db9ef5'}
1f4c5ce0.jpg,{'w_9577f88'}
1f70b1b1.jpg,{'w_16d2ae2'}
1f718faf.jpg,{'w_7db10cc'}
1f8f58ce.jpg,{'w_dbaa2b1'}
1fdc74d6.jpg,{'w_4f38350'}
1ff11dd2.jpg,{'w_7d9642c'}
200c562b.jpg,{'w_73b705e'}
2014b057.jpg,{'new_whale'}
2025aea0.jpg,{'w_bf38f05'}
2047e2b2.jpg,{'new_whale'}
2085e646.jpg,{'w_1431f4b'}
20ac0cfb.jpg,{'w_9d0e84a'}
20c2040d.jpg,{'w_307065e'}
20fc4986.jpg,{'w_f6fb689'}
216c9bcc.jpg,{'new_whale'}
219f7ee1.jpg,{'w_aa7e5f4'}
21acb21e.jpg,{'w_966e86e'}
21b0b37d.jpg,{'w_272259b'}
21b20425.jpg,{'w_3f907d6'}
21d919af.jpg,{'w_b4369cc'}
2207146c.jpg,{'w_9dcf002'}
22193570.jpg,{'new_whale'}
22333b76.jpg,{'w_c0d1701'}
2248e860.jpg,{'w_94cd45e'}
22523e77.jpg,{'w_c2580ef'}
225a9890.jpg,{'w_e430ce0'}
22a88b8b.jpg,{'w_073f071'}
22b32757.jpg,{'w_759b647'}
22c05fbf.jpg,{'w_7b5d0f0'}
22f3d8da.jpg,{'w_c6be61e'}
22fcd5b0.jpg,{'w_f3865d6'}
230e5470.jpg,{'w_9d704ab'}
23185664.jpg,{'w_4655b25'}
23191510.jpg,{'new_whale'}
23191ca9.jpg,{'w_eb39613'}
23437b6a.jpg,{'new_whale'}
23462766.jpg,{'w_a3c6ed0'}
234f268d.jpg,{'w_bc18612'}
23535a63.jpg,{'new_whale'}
23814b88.jpg,{'w_67de30b'}
2383cc95.jpg,{'w_2071a4c'}
2386dc2e.jpg,{'w_94c6edb'}
238e636c.jpg,{'w_c027e4e'}
23e769a9.jpg,{'w_c0f3e88'}
2430126b.jpg,{'new_whale'}
2477bfac.jpg,{'w_b6689cc'}
24c17b2b.jpg,{'w_ae07541'}
24cd5213.jpg,{'w_3063bf4'}
24d6cfb6.jpg,{'new_whale'}
24d88bd9.jpg,{'w_daeb296'}
24e986ac.jpg,{'w_c5e6997'}
250165f9.jpg,{'w_8e4abc9'}
2514dc00.jpg,{'w_1287fbc'}
2535d991.jpg,{'w_64a51a4'}
254a2522.jpg,{'w_59866ca'}
254d284b.jpg,{'new_whale'}
25547efc.jpg,{'w_94cd45e'}
2580e35b.jpg,{'w_b4d182b'}
2580fde9.jpg,{'w_429e9ad'}
25916597.jpg,{'w_acc67ea'}
2591a121.jpg,{'w_86113c4'}
25cfd7f9.jpg,{'w_d88328d'}
25df0a68.jpg,{'new_whale'}
25e691ed.jpg,{'w_7e8b270'}
261e304f.jpg,{'w_34c4927'}
263c81f7.jpg,{'w_6af9dd7'}
265a33a3.jpg,{'w_43b50e5'}
265ae545.jpg,{'w_fd1cb9d'}
265e1f0b.jpg,{'w_d40f276'}
26a651b2.jpg,{'w_2fd21ec'}
27027cf8.jpg,{'w_78f2e92'}
270d9835.jpg,{'w_5e57e8b'}
274a7962.jpg,{'w_851a7f4'}
27920826.jpg,{'w_ad370e1'}
27f27b93.jpg,{'w_ba39446'}
2801fd6d.jpg,{'w_0c6d50d'}
284779d8.jpg,{'w_4b04829'}
287d564b.jpg,{'w_a2a1378'}
28c543db.jpg,{'w_89e159a'}
28d8c5e1.jpg,{'w_4ebeafb'}
28e1e63b.jpg,{'w_40323ac'}
28e4bb22.jpg,{'w_f37508c'}
28f68c2a.jpg,{'w_a400ddd'}
29018ea5.jpg,{'w_f93d780'}
2905a48a.jpg,{'w_773967d'}
2924fa98.jpg,{'w_02facde'}
2977b2c7.jpg,{'w_d2b4956'}
297e6eb0.jpg,{'w_e3b3ade'}
29a40ce2.jpg,{'w_5ad2030'}
29e9d432.jpg,{'w_7a53e0c'}
29f785f2.jpg,{'w_a526492'}
2a48561b.jpg,{'w_2dae424'}
2a602adc.jpg,{'w_6719a5b'}
2a67a1a8.jpg,{'w_ec38983'}
2a6e3b3d.jpg,{'w_4ebeafb'}
2a9851f0.jpg,{'new_whale'}
2a9b8f29.jpg,{'w_6734e40'}
2abac975.jpg,{'w_19e5d10'}
2acbd7c7.jpg,{'new_whale'}
2b03e5ca.jpg,{'w_ed32859'}
2b146f8e.jpg,{'w_f19faeb'}
2b441e8d.jpg,{'w_4c8e7ae'}
2b84cc10.jpg,{'new_whale'}
2b96ae79.jpg,{'w_759b647'}
2be8907a.jpg,{'w_127f4c6'}
2c39d0f0.jpg,{'new_whale'}
2c60fa7b.jpg,{'w_d80e1bc'}
2c648f93.jpg,{'w_4fd48e7'}
2c7128f8.jpg,{'w_a2564cf'}
2c8791c7.jpg,{'w_e3b2cfa'}
2cac3ecc.jpg,{'w_70a31ce'}
2cdb4152.jpg,{'w_272259b'}
2cf6f481.jpg,{'w_b6689cc'}
2d37d22e.jpg,{'new_whale'}
2d387a21.jpg,{'w_2d99a0c'}
2d85bd92.jpg,{'w_2bb8c37'}
2d911a21.jpg,{'w_57c14db'}
2df079aa.jpg,{'w_c1b685f'}
2e0b4ea2.jpg,{'new_whale'}
2e32f6a8.jpg,{'w_8b1ca89'}
2e501bca.jpg,{'w_2a9727c'}
2e60f4a0.jpg,{'w_e449d3a'}
2e6735bf.jpg,{'w_c39fceb'}
2e7687ac.jpg,{'w_85f9040'}
2eaa2dfa.jpg,{'w_7763134'}
2ecc3b81.jpg,{'w_fd6f24f'}
2ee63483.jpg,{'w_bb2d34d'}
2ef3ee1f.jpg,{'w_ed69e9c'}
2f077b2f.jpg,{'w_89d9c03'}
2f0f7ea3.jpg,{'w_654a5bb'}
2f1cf14d.jpg,{'w_b75f378'}
2f803824.jpg,{'w_f5915b0'}
2f80c4f8.jpg,{'w_74e15fc'}
2f9106fb.jpg,{'w_c622a3f'}
2f950e12.jpg,{'w_0e9f6d9'}
2fad298b.jpg,{'new_whale'}
2fb41d90.jpg,{'w_fa32440'}
2fb8dee1.jpg,{'w_8f3cb68'}
2fd8e071.jpg,{'w_91e06de'}
2fe4d169.jpg,{'w_0b7cc25'}
30003e7a.jpg,{'w_ab4cae2'}
3006a76c.jpg,{'w_e30e97f'}
30238729.jpg,{'new_whale'}
302e4f13.jpg,{'w_7214e98'}
30903c83.jpg,{'new_whale'}
30ad5cbe.jpg,{'w_d141590'}
31189c14.jpg,{'w_ee948c6'}
31198690.jpg,{'w_d32adcd'}
31249cfa.jpg,{'w_cc759cd'}
314accb4.jpg,{'w_e1431ba'}
314e1d1d.jpg,{'new_whale'}
3150d5dc.jpg,{'w_34c4927'}
315c01af.jpg,{'w_4114553'}
315c220e.jpg,{'new_whale'}
3178ccf1.jpg,{'w_7dee51b'}
31e21966.jpg,{'w_50729c4'}
322119d7.jpg,{'w_3f907d6'}
3241660c.jpg,{'new_whale'}
324fb49e.jpg,{'w_886257d'}
3273f6a7.jpg,{'w_6c899ff'}
32745351.jpg,{'new_whale'}
32977a79.jpg,{'w_861cc1c'}
32bff2a4.jpg,{'w_c390258'}
32f14f62.jpg,{'w_e61dd6d'}
3329cc81.jpg,{'w_e126028'}
333f5d85.jpg,{'w_f87b77b'}
3359feb8.jpg,{'w_92d390e'}
335f2bcc.jpg,{'w_941ca6a'}
336c5c85.jpg,{'w_6dc88a6'}
3372b0a3.jpg,{'w_56bbc91'}
3375a1cd.jpg,{'w_9b318aa'}
33c42efa.jpg,{'new_whale'}
33cdede7.jpg,{'new_whale'}
33d7b079.jpg,{'w_2641733'}
33d86897.jpg,{'w_e5edb40'}
33d97f4a.jpg,{'w_26bd720'}
33e1029f.jpg,{'w_c9e1cdc'}
33fa3264.jpg,{'new_whale'}
3439c66b.jpg,{'w_f4e84c1'}
344e2ae0.jpg,{'new_whale'}
3499ff9f.jpg,{'w_d3a5075'}
34ab510e.jpg,{'w_960b6f0'}
34b7bf11.jpg,{'w_1029f4e'}
34d411e6.jpg,{'w_33973bf'}
35028c7f.jpg,{'w_a646643'}
3504769d.jpg,{'w_4f6fabd'}
350e474b.jpg,{'w_f115d53'}
3576558d.jpg,{'w_932c8cd'}
3593f9a9.jpg,{'w_74011a2'}
35c9986b.jpg,{'w_1652da1'}
35e52007.jpg,{'w_05567a9'}
35f56453.jpg,{'w_67fecca'}
35fce87b.jpg,{'w_28ce17c'}
36022bdd.jpg,{'w_0b3f313'}
364030ef.jpg,{'w_cc3a724'}
366d339a.jpg,{'w_2ac83b0'}
367b250c.jpg,{'w_ea4935f'}
3687308a.jpg,{'w_b38374a'}
369054b9.jpg,{'w_8a2e496'}
36d72fe3.jpg,{'w_6c803bf'}
36d80fec.jpg,{'w_817f022'}
36f52013.jpg,{'w_aa7e5f4'}
37180b59.jpg,{'w_92585eb'}
371b1e06.jpg,{'w_60eba40'}
3754ffd7.jpg,{'w_efe57c7'}
378f4f13.jpg,{'w_7427ace'}
37b13d85.jpg,{'w_75378d3'}
37dd3db7.jpg,{'w_741861e'}
37f999b3.jpg,{'w_2d963bb'}
37fa4229.jpg,{'w_57c14db'}
381b811e.jpg,{'w_6cef37c'}
3821a075.jpg,{'new_whale'}
3823af90.jpg,{'w_0b3b659'}
382db4ae.jpg,{'w_0ae998f'}
38521f27.jpg,{'w_2cdf820'}
38838870.jpg,{'w_8719b04'}
38a69f01.jpg,{'w_f4fc8cc'}
38a6a91c.jpg,{'w_69185bb'}
38c4b945.jpg,{'w_97493dd'}
38ce3f3a.jpg,{'w_6c803bf'}
38ffa5bd.jpg,{'w_8044362'}
3900aa64.jpg,{'w_c103b25'}
391e3e6b.jpg,{'w_f4224b9'}
3952616c.jpg,{'w_e73d83c'}
396616f2.jpg,{'w_c02ac49'}
397bc85e.jpg,{'w_be32bec'}
39e07595.jpg,{'w_3d0bc7a'}
3a08fd5e.jpg,{'new_whale'}
3a0c19bb.jpg,{'w_15d1235'}
3a2f7478.jpg,{'w_8c408dc'}
3a4034f6.jpg,{'w_4b8d0c9'}
3a406d47.jpg,{'w_ddbf533'}
3a5077cb.jpg,{'w_afed305'}
3a729497.jpg,{'w_4476e55'}
3a7e31d2.jpg,{'w_d3ce445'}
3a986cd6.jpg,{'w_d1bbde9'}
3aa329e0.jpg,{'w_6af9dd7'}
3ad662a6.jpg,{'w_1ed4dde'}
3ae532ab.jpg,{'w_72d5b6c'}
3b05aa85.jpg,{'w_db2baec'}
3b0e146d.jpg,{'w_1c22d7e'}
3b3cd5f6.jpg,{'w_2bea4c4'}
3b54f368.jpg,{'w_3cbccb7'}
3b61486f.jpg,{'w_d9fdd15'}
3b682f63.jpg,{'w_06dbe6b'}
3b6c28a1.jpg,{'w_b067417'}
3c20d2ca.jpg,{'w_361e290'}
3c217407.jpg,{'w_44cccf6'}
3c312fb9.jpg,{'new_whale'}
3c5f65db.jpg,{'w_4c9d3df'}
3cc8e2eb.jpg,{'w_741861e'}
3ccc5880.jpg,{'w_cd22b23'}
3cea1e0f.jpg,{'w_064ab78'}
3d1337d7.jpg,{'w_9ec358c'}
3d4db3e4.jpg,{'w_203e9d5'}
3d52675d.jpg,{'w_bd1dbed'}
3d59af32.jpg,{'w_373593e'}
3d6ea9d9.jpg,{'w_813c5be'}
3db64900.jpg,{'w_156c0db'}
3db69083.jpg,{'w_8cd3036'}
3ddf9d46.jpg,{'w_86113c4'}
3dec200b.jpg,{'w_6e8486d'}
3e02830c.jpg,{'w_a1114ee'}
3e5bf43e.jpg,{'w_95874a5'}
3e6285a2.jpg,{'w_1287fbc'}
3f1af992.jpg,{'w_0a97a25'}
3f35d8b1.jpg,{'w_68820e8'}
3f74813b.jpg,{'w_5f2b407'}
3facd290.jpg,{'w_813c5be'}
3fbbb35f.jpg,{'w_4a78bf2'}
3fc7fd6c.jpg,{'w_1287fbc'}
3ff016bd.jpg,{'w_d19a884'}
3ff7de04.jpg,{'w_a335e80'}
401a1fb6.jpg,{'w_dfbfe10'}
4023c311.jpg,{'w_e1f55ad'}
40266ccc.jpg,{'new_whale'}
408abe70.jpg,{'w_6c803bf'}
408ccf48.jpg,{'w_1da7080'}
408ecac5.jpg,{'w_f8c3a63'}
40b1d13f.jpg,{'w_3bc8a47'}
40e2b2fa.jpg,{'w_78999a6'}
40fd1339.jpg,{'w_1287fbc'}
413167bd.jpg,{'w_65efe4d'}
41609ec9.jpg,{'w_d88328d'}
4178508a.jpg,{'w_90f74ae'}
41b28ad7.jpg,{'w_ba8c7bc'}
41e30a15.jpg,{'w_fd1cb9d'}
423694c5.jpg,{'w_dc89c4c'}
423a7c6f.jpg,{'w_4659acf'}
4276072e.jpg,{'w_b6ed5d2'}
42ae50d8.jpg,{'w_17d5eb9'}
42d57727.jpg,{'new_whale'}
42f6ab5b.jpg,{'w_80618a3'}
4313c71b.jpg,{'w_fa32440'}
431c14a5.jpg,{'w_3572b44'}
432e7861.jpg,{'new_whale'}
43317cb0.jpg,{'w_c1b685f'}
433e87b8.jpg,{'w_64f3545'}
43427188.jpg,{'w_a21cc97'}
434dcad3.jpg,{'w_7d7d108'}
43547cf4.jpg,{'w_17ee910'}
436f533f.jpg,{'w_a837660'}
439f5058.jpg,{'w_68b47a1'}
44023ae4.jpg,{'w_4e52a49'}
44129bd7.jpg,{'w_9434f0c'}
4422a87d.jpg,{'w_3f91e04'}
443d2976.jpg,{'w_1489751'}
4443b801.jpg,{'w_a3dbc8f'}
445c6a08.jpg,{'new_whale'}
4478629c.jpg,{'w_9b3ed01'}
4479f55f.jpg,{'w_b6886e5'}
44a7718f.jpg,{'w_7049d9f'}
44b8ff08.jpg,{'w_b29214f'}
44e5901e.jpg,{'w_affc813'}
44ec4363.jpg,{'w_65ec378'}
44edd765.jpg,{'w_505a141'}
451d2673.jpg,{'w_d5ec83f'}
4526c42a.jpg,{'w_8e4fa60'}
453deddb.jpg,{'w_2b0028d'}
454d817f.jpg,{'w_414c24a'}
45aaecf2.jpg,{'w_5a81425'}
45be5dfe.jpg,{'new_whale'}
45caf4cb.jpg,{'w_8158b1f'}
45f8d4cf.jpg,{'w_2071a4c'}
460f626e.jpg,{'w_21e178f'}
4623645c.jpg,{'w_bb2d34d'}
46535d2d.jpg,{'w_17ee910'}
46768514.jpg,{'w_c0d494d'}
4677c68f.jpg,{'w_3f90907'}
468664aa.jpg,{'w_e3c0ae5'}
46a4eb91.jpg,{'w_3d66298'}
46acadb4.jpg,{'new_whale'}
46e27bcc.jpg,{'w_0378699'}
46eba5ea.jpg,{'w_662a132'}
46ebe2d8.jpg,{'w_6d4dedc'}
46f538ff.jpg,{'w_222dcb7'}
474f4d53.jpg,{'w_adb041c'}
47551a01.jpg,{'new_whale'}
4755fc5f.jpg,{'w_c95a0ea'}
47573afa.jpg,{'w_2b939eb'}
47576190.jpg,{'w_a33e1c3'}
476e994c.jpg,{'new_whale'}
47731f57.jpg,{'w_6c803bf'}
477e5830.jpg,{'w_18eee6e'}
4799d6d7.jpg,{'w_a24f581'}
47cd05b9.jpg,{'w_01f8a43'}
47d3015d.jpg,{'w_38bcd3e'}
487814b4.jpg,{'w_21a1bdb'}
48b3534a.jpg,{'w_0324b97'}
48d15c07.jpg,{'w_6f40f26'}
48d4e00e.jpg,{'w_5bc7e7f'}
48dfca23.jpg,{'w_d4eb9ed'}
48e1af10.jpg,{'w_c9566b4'}
48e4e76b.jpg,{'new_whale'}
48ec2905.jpg,{'w_73d5489'}
49044ed3.jpg,{'w_1287fbc'}
4922ad38.jpg,{'new_whale'}
492dd9d9.jpg,{'w_532fb22'}
4939b97f.jpg,{'w_02facde'}
493c7f40.jpg,{'w_6047e81'}
494cb8d9.jpg,{'w_12f2352'}
498264da.jpg,{'w_94cd45e'}
49d516f1.jpg,{'w_ef6e6a9'}
4a480c29.jpg,{'w_b7d5069'}
4a82091e.jpg,{'w_4a1e58b'}
4a88fa5c.jpg,{'w_9cb529f'}
4aacebfb.jpg,{'w_abe383e'}
4acbca71.jpg,{'new_whale'}
4ad7cf90.jpg,{'w_ea2385d'}
4b0e4b79.jpg,{'w_847088b'}
4b314d1a.jpg,{'w_7e5cc5e'}
4b64d080.jpg,{'w_d224115'}
4b6a6671.jpg,{'w_ce29d2a'}
4b82e76a.jpg,{'w_eec1133'}
4bb0f99b.jpg,{'w_13c6b6b'}
4bba91b5.jpg,{'w_18eee6e'}
4bc67c6d.jpg,{'w_218b25e'}
4bc6cbc5.jpg,{'w_2d99a0c'}
4bd002bf.jpg,{'w_4e52a49'}
4bdd3411.jpg,{'w_759b647'}
4be884b0.jpg,{'w_5a5c560'}
4be953b8.jpg,{'w_9ca943b'}
4bf9022a.jpg,{'w_a335e80'}
4c095353.jpg,{'w_89ca343'}
4c0c70f1.jpg,{'w_7427ace'}
4c5095c2.jpg,{'w_d5ec83f'}
4c55b45c.jpg,{'w_3608443'}
4c695295.jpg,{'w_4981cba'}
4cc24d3e.jpg,{'w_fa32440'}
4cd91905.jpg,{'w_f5b8faf'}
4d1f7932.jpg,{'w_0771d4b'}
4d30a27a.jpg,{'new_whale'}
4d37e6fb.jpg,{'w_cb8edf5'}
4d8a196c.jpg,{'w_8fd5636'}
4daf70ac.jpg,{'w_6badfcf'}
4dd84c57.jpg,{'w_13c6b6b'}
4e267ab6.jpg,{'w_143b201'}
4e4062ec.jpg,{'w_a25caa9'}
4e7633f0.jpg,{'w_63d10a1'}
4e93fc59.jpg,{'w_17ee910'}
4ed01dce.jpg,{'w_8420f42'}
4ed09db7.jpg,{'w_22bcbd6'}
4f83e9b6.jpg,{'w_530f87b'}
4f9cbe28.jpg,{'w_b081817'}
5004a0c9.jpg,{'w_26dd948'}
5009f646.jpg,{'w_7e1521a'}
502b4723.jpg,{'w_b7fe199'}
503698ec.jpg,{'w_3664a22'}
504168cd.jpg,{'w_e88388a'}
504f8f88.jpg,{'w_d6a3892'}
505c0a65.jpg,{'w_46540b1'}
5066368c.jpg,{'w_6af9dd7'}
50894d3c.jpg,{'w_4b04829'}
50af9ba9.jpg,{'w_4d98ef7'}
50d2f8e4.jpg,{'w_b8dff40'}
50e6372c.jpg,{'w_0d39a68'}
50fc5bc4.jpg,{'w_67fecca'}
5127e504.jpg,{'new_whale'}
5148671d.jpg,{'w_414c24a'}
514cc2af.jpg,{'w_3d187b5'}
517658a4.jpg,{'w_432b162'}
517e17a4.jpg,{'w_f0f0dbb'}
51970f48.jpg,{'w_6dbb861'}
51b303b4.jpg,{'w_361e290'}
51b8c278.jpg,{'w_a8bc2bc'}
51d4eeb8.jpg,{'w_3d0bc7a'}
51f1c787.jpg,{'w_aae82f8'}
52012129.jpg,{'w_e63fbbe'}
52281db5.jpg,{'w_4e7fc3e'}
528341d2.jpg,{'w_ff7630a'}
52a50fbe.jpg,{'w_ed5cdab'}
52bad22c.jpg,{'w_773509f'}
52d2869d.jpg,{'new_whale'}
52f9198d.jpg,{'w_b6d4901'}
5301133a.jpg,{'w_099c712'}
531085a0.jpg,{'w_fae2cb6'}
537307ff.jpg,{'w_681dba6'}
53757ac9.jpg,{'new_whale'}
53ac6373.jpg,{'w_3c2d938'}
53b4f6b5.jpg,{'new_whale'}
53cb3bd6.jpg,{'w_18a1bf2'}
53cf78e0.jpg,{'new_whale'}
53d0da96.jpg,{'w_f19faeb'}
53f4c915.jpg,{'w_d10472d'}
53fdf67c.jpg,{'w_7292419'}
54280d7d.jpg,{'w_5ad2030'}
5450ee34.jpg,{'w_deb33de'}
548044fb.jpg,{'w_a85a3c9'}
5495b6a2.jpg,{'w_e4c8d6d'}
54b4a47c.jpg,{'w_7e8b270'}
54b67380.jpg,{'w_1dc6d62'}
54d2678a.jpg,{'w_680b86e'}
54ea57a6.jpg,{'w_11adaae'}
5516823e.jpg,{'w_f843a8d'}
554d0092.jpg,{'w_ffb4e3d'}
557019e3.jpg,{'new_whale'}
557f59f1.jpg,{'w_4be373e'}
55815837.jpg,{'w_b7d5069'}
55837719.jpg,{'w_993d66c'}
558414a9.jpg,{'w_acc67ea'}
5586f6bc.jpg,{'w_63db6f9'}
5590f7ec.jpg,{'w_9ca943b'}
55b73194.jpg,{'w_a2e2f8e'}
55b841f3.jpg,{'w_78a6f56'}
55b8b9ba.jpg,{'w_ee17a08'}
55f22343.jpg,{'w_73b705e'}
5606c095.jpg,{'w_01b2250'}
560ac504.jpg,{'w_61d516e'}
560bb2e7.jpg,{'w_d8f848c'}
562b8718.jpg,{'w_80245ee'}
564feb3f.jpg,{'w_38e4aae'}
56566b74.jpg,{'w_a533837'}
567f5a94.jpg,{'w_bb2d34d'}
568cf692.jpg,{'w_f843a8d'}
568fed3d.jpg,{'w_9df0865'}
56b2b277.jpg,{'w_5f82501'}
56c1c849.jpg,{'new_whale'}
570188cc.jpg,{'w_aca9607'}
5711a1c2.jpg,{'w_d89b29e'}
573d250d.jpg,{'w_90ec71a'}
574994c5.jpg,{'w_e3c0ae5'}
575bea2d.jpg,{'w_34c4927'}
575d53aa.jpg,{'w_29eb3b2'}
57b971c6.jpg,{'w_3621c49'}
57dd15c8.jpg,{'new_whale'}
5804150c.jpg,{'w_b38374a'}
581046e9.jpg,{'w_0e4f53c'}
5812d4a0.jpg,{'w_fd1a27f'}
583cbae8.jpg,{'new_whale'}
585da8d7.jpg,{'w_993d66c'}
58685afd.jpg,{'w_b48535f'}
586899d7.jpg,{'w_ec853f1'}
586b72c3.jpg,{'w_1f00cb7'}
5874eea9.jpg,{'w_cf00b01'}
587a46d2.jpg,{'w_63035d1'}
588af43f.jpg,{'new_whale'}
58985579.jpg,{'w_3cdf114'}
58b9324f.jpg,{'w_7028d77'}
58c14250.jpg,{'w_540fd73'}
58dcd8f7.jpg,{'new_whale'}
58f369a1.jpg,{'w_6aad777'}
593e6a24.jpg,{'w_abe383e'}
594e1a87.jpg,{'new_whale'}
594ebbe4.jpg,{'w_d2be6cc'}
594f5c3a.jpg,{'w_d9055d1'}
5979391f.jpg,{'w_03c6d18'}
598ad24b.jpg,{'w_2282bb8'}
59bcbead.jpg,{'w_ecbf9fa'}
59d526d0.jpg,{'w_fe6617a'}
5a069ac0.jpg,{'w_11adaae'}
5a4e66fb.jpg,{'w_6b3402d'}
5abd03bc.jpg,{'w_94e1ed4'}
5acd9fe8.jpg,{'w_a837660'}
5ada057e.jpg,{'w_2f97ce6'}
5af77c5d.jpg,{'w_9ca943b'}
5b334adf.jpg,{'w_1743d93'}
5b58e4bd.jpg,{'w_49bbc79'}
5b8e3407.jpg,{'w_e8bce8a'}
5b8f796e.jpg,{'w_8e451d9'}
5ba40bad.jpg,{'w_8bc853a'}
5ba992c5.jpg,{'w_2d2d7fe'}
5bb50ede.jpg,{'w_59eb8ae'}
5c2b56ca.jpg,{'w_4095207'}
5c42c5f3.jpg,{'w_8b15b96'}
5c453bf0.jpg,{'w_d1bbde9'}
5c6ac6d1.jpg,{'w_7b035cc'}
5c7f4780.jpg,{'w_5126776'}
5c83c6fe.jpg,{'w_1c3cecd'}
5c970898.jpg,{'w_001ebbc'}
5cb8590c.jpg,{'w_a526492'}
5cde3345.jpg,{'w_54c00ad'}
5cde6518.jpg,{'new_whale'}
5ce09256.jpg,{'w_a21cc97'}
5d0e7340.jpg,{'w_142402e'}
5d20586e.jpg,{'w_fe424c3'}
5d2eccae.jpg,{'w_38e4aae'}
5d3b54a2.jpg,{'w_576db5d'}
5d3c8238.jpg,{'w_4c9d3df'}
5d4e469e.jpg,{'w_e57b3ce'}
5d7ca286.jpg,{'w_8a31e6c'}
5dac0856.jpg,{'w_02d5fad'}
5dcd1df7.jpg,{'w_5d86f98'}
5dd5d15d.jpg,{'w_5d86f98'}
5e11afa5.jpg,{'w_7028d77'}
5e13f5a1.jpg,{'w_6af9dd7'}
5e4a0e02.jpg,{'w_bdbec6c'}
5e5b187b.jpg,{'w_f9038ed'}
5e691528.jpg,{'w_0c6dbbe'}
5e9a3a4d.jpg,{'w_a2660fd'}
5ebd411a.jpg,{'w_2db01d5'}
5ec5a5b5.jpg,{'w_3b483d3'}
5ee9e4ba.jpg,{'w_9c383c8'}
5f3d2f65.jpg,{'w_e0f1df1'}
5f4ec6a8.jpg,{'w_c00534d'}
5f6b8932.jpg,{'w_58c3bf9'}
5f9c3967.jpg,{'w_a646643'}
5fb119af.jpg,{'w_011d4b5'}
5fbf804e.jpg,{'w_3ff6029'}
5fcdea71.jpg,{'w_338d945'}
6004207b.jpg,{'w_3694c7d'}
600574f8.jpg,{'w_e147c40'}
60277eb6.jpg,{'w_ef52dd3'}
6070b7c3.jpg,{'w_dcb1f2a'}
60759001.jpg,{'w_048f7a9'}
60859ba2.jpg,{'w_4a43c71'}
6094374e.jpg,{'w_19f7a8b'}
6096493d.jpg,{'w_03c84ef'}
60965069.jpg,{'w_f21f2ec'}
60a9c21e.jpg,{'w_0beef28'}
611de927.jpg,{'w_0771d4b'}
6155ece7.jpg,{'w_41afa58'}
61579fb5.jpg,{'w_3b3b9b2'}
616ad6c9.jpg,{'w_ab4bd59'}
616f02ce.jpg,{'w_3d2724b'}
6175bb26.jpg,{'w_53859b2'}
619da46f.jpg,{'w_20f86e1'}
61b73156.jpg,{'w_07616fd'}
61ff39b9.jpg,{'w_3674103'}
6219c2b2.jpg,{'w_c74ab24'}
621be7e6.jpg,{'w_7ca11d6'}
62e05bff.jpg,{'w_e700deb'}
62e79e06.jpg,{'w_92d390e'}
63160561.jpg,{'w_e6541e4'}
6329fe0d.jpg,{'w_fb94a5a'}
634a81d4.jpg,{'w_45e8ea5'}
635acd66.jpg,{'w_adc6e1b'}
636e3758.jpg,{'w_9c70a11'}
63898194.jpg,{'w_2b28681'}
63a0e789.jpg,{'w_2d2d7fe'}
63a2d07c.jpg,{'w_f185562'}
63ac23b4.jpg,{'w_78f2e92'}
63b79b44.jpg,{'w_7763134'}
63b7d744.jpg,{'new_whale'}
63f4fab9.jpg,{'w_01e1223'}
6407a44c.jpg,{'w_7bcc2d6'}
64173fa2.jpg,{'w_41fa033'}
6472d54f.jpg,{'w_b820615'}
648a302a.jpg,{'w_dd66cf9'}
64980f71.jpg,{'w_fb8ca1e'}
649cdaa3.jpg,{'w_b70a0c4'}
64d05eb2.jpg,{'w_96c141f'}
64e134a0.jpg,{'w_8e23e4c'}
64eee451.jpg,{'w_1a70685'}
64f3a8c6.jpg,{'w_d1bbde9'}
6519050c.jpg,{'w_143b201'}
6525ea72.jpg,{'w_516bedb'}
652dd071.jpg,{'new_whale'}
653647bb.jpg,{'w_a155149'}
654f743b.jpg,{'new_whale'}
65679765.jpg,{'w_f21f2ec'}
658b2fce.jpg,{'w_7885601'}
658cbb0a.jpg,{'w_3650949'}
65c48e36.jpg,{'w_20eb13c'}
65c7bb93.jpg,{'w_38a3f72'}
65d92306.jpg,{'new_whale'}
65f6b91e.jpg,{'w_daeb296'}
65fed75f.jpg,{'w_551f5ca'}
6601b15c.jpg,{'w_be32bec'}
661ab087.jpg,{'w_0c70bc3'}
662af3b2.jpg,{'w_98f0e93'}
6661cd48.jpg,{'w_61ffd2c'}
666df913.jpg,{'w_5b99089'}
6698a351.jpg,{'w_831f124'}
66d13b68.jpg,{'w_0771d4b'}
66d166d4.jpg,{'w_cb7b682'}
66e2a953.jpg,{'new_whale'}
6700ff6a.jpg,{'new_whale'}
670379d4.jpg,{'w_9bcb0f8'}
670f5a00.jpg,{'w_7c979d9'}
67a07e99.jpg,{'w_c92b4f5'}
67d4721b.jpg,{'w_57e8a80'}
68032357.jpg,{'w_3694c7d'}
6845b1d3.jpg,{'w_3ae3603'}
68596681.jpg,{'w_1fb42f1'}
686ba2b8.jpg,{'w_fd3ce71'}
689b3eda.jpg,{'w_4404247'}
68a47f94.jpg,{'w_0819271'}
6914d83d.jpg,{'w_096bc48'}
6920abdb.jpg,{'w_19e5d10'}
693adf5b.jpg,{'w_d398969'}
696fe9a0.jpg,{'new_whale'}
697a6582.jpg,{'w_b922593'}
6996e960.jpg,{'w_0f96780'}
69b6d3bf.jpg,{'w_df22ff1'}
69c6808b.jpg,{'w_790c2aa'}
6a02bd8b.jpg,{'w_3449e4f'}
6a0a6d66.jpg,{'w_d25a717'}
6a232eb6.jpg,{'w_b6efe77'}
6aa083b3.jpg,{'w_e0efc4f'}
6aab7ad6.jpg,{'w_7f999ff'}
6aad51bb.jpg,{'w_238a4ad'}
6ac8b96f.jpg,{'w_ed3bd5b'}
6addcfc9.jpg,{'w_e7a238b'}
6aecb304.jpg,{'w_2d25d1f'}
6afd30d8.jpg,{'w_62ca7c8'}
6b14d2c4.jpg,{'w_e62b5d8'}
6b6e899c.jpg,{'w_d2324e2'}
6b7137f5.jpg,{'w_4855bd3'}
6b74d42b.jpg,{'w_fb8ca1e'}
6ba0aadd.jpg,{'w_900fab7'}
6ba9928e.jpg,{'new_whale'}
6bcbf2d6.jpg,{'w_ebc870d'}
6c0c7e05.jpg,{'new_whale'}
6c1755cd.jpg,{'w_2a04ceb'}
6c2b4fe9.jpg,{'w_cd1f1ed'}
6c36e340.jpg,{'w_3b5403b'}
6c4f87d3.jpg,{'w_a4f77bd'}
6c681c2d.jpg,{'w_4f37147'}
6c6ca710.jpg,{'w_c0d494d'}
6c7e4039.jpg,{'new_whale'}
6c9ee9a0.jpg,{'w_d36f58c'}
6cb6a22b.jpg,{'w_1a5e7a2'}
6cb9e39b.jpg,{'w_b41e229'}
6ce7318c.jpg,{'w_b48535f'}
6d38ffb8.jpg,{'w_9e22ded'}
6dad37bc.jpg,{'new_whale'}
6db1beb0.jpg,{'w_cd38536'}
6dd8a114.jpg,{'w_532e2cc'}
6e1e52e4.jpg,{'w_0eb2886'}
6e31ca9b.jpg,{'w_c30959a'}
6e51250d.jpg,{'w_ebe0ad5'}
6ed053fe.jpg,{'w_e7aa703'}
6f1857a0.jpg,{'w_14ba846'}
6f619a43.jpg,{'new_whale'}
6fcc17a3.jpg,{'w_a66b2a5'}
7001ddb8.jpg,{'w_b41e229'}
70031ab8.jpg,{'w_3b016f0'}
7019eac3.jpg,{'w_cd1f1ed'}
701e3b55.jpg,{'w_42f935c'}
7027cfb5.jpg,{'w_9db9ef5'}
703b6a1d.jpg,{'w_8209e5c'}
70426890.jpg,{'w_ecb9a79'}
704ea44e.jpg,{'w_df15cc8'}
70802804.jpg,{'w_e73d83c'}
70a14b2f.jpg,{'w_71bfc77'}
70a5e698.jpg,{'w_19aeb9c'}
70c75fa5.jpg,{'w_dc7c5a0'}
70dc9092.jpg,{'w_abe383e'}
71050693.jpg,{'new_whale'}
71211185.jpg,{'w_72e70e5'}
71296ac3.jpg,{'w_a8990f1'}
714c7c7f.jpg,{'w_414f402'}
71ca8656.jpg,{'w_b6410bc'}
7260770f.jpg,{'new_whale'}
7262956d.jpg,{'w_8d83172'}
7275e6ad.jpg,{'w_eb0a6ed'}
7283a92f.jpg,{'w_3026ce2'}
72881b4a.jpg,{'w_a7f847f'}
72cd6908.jpg,{'w_a67a1bc'}
72d642bc.jpg,{'w_fbce8b4'}
72dd67a8.jpg,{'w_81b402a'}
72defc1a.jpg,{'w_6768b8c'}
72e5f467.jpg,{'w_5570053'}
72f023a2.jpg,{'new_whale'}
732de5a2.jpg,{'w_fe922c3'}
73319f75.jpg,{'w_41f0a7e'}
7350117c.jpg,{'new_whale'}
736aa502.jpg,{'w_b9f5b8b'}
73941bf0.jpg,{'w_19dc50f'}
7397413f.jpg,{'w_e6ddfe1'}
73e39c78.jpg,{'w_d33c2ed'}
73f7b3b3.jpg,{'w_3e0f25d'}
7462efdc.jpg,{'w_9e1e278'}
747e4187.jpg,{'w_5624f08'}
74a3f7a5.jpg,{'w_37223f9'}
74c3d75c.jpg,{'new_whale'}
7557379c.jpg,{'w_c622a3f'}
756678d1.jpg,{'w_e02fe7b'}
75b777bb.jpg,{'w_50cd600'}
75bdebac.jpg,{'w_deb33de'}
75e9eac1.jpg,{'w_d6a6360'}
75f18083.jpg,{'w_7763134'}
762b11f2.jpg,{'w_89e451c'}
7634b304.jpg,{'w_00fbb4e'}
763c96a5.jpg,{'w_9ca943b'}
7642cc85.jpg,{'w_ff2c4a4'}
765828e4.jpg,{'w_f099dc8'}
7697990c.jpg,{'w_d3857a6'}
770ea36c.jpg,{'w_7285eb3'}
7722fdae.jpg,{'w_6202983'}
775c0fac.jpg,{'new_whale'}
77819f25.jpg,{'w_0d2dc7e'}
77b1196b.jpg,{'w_c6b1412'}
77c81601.jpg,{'w_1e45a47'}
7821579e.jpg,{'w_1875b28'}
78443187.jpg,{'w_cf00b01'}
7845558c.jpg,{'w_a14d6d8'}
7848b6e7.jpg,{'w_1ae1386'}
784f44c2.jpg,{'w_95874a5'}
786620b6.jpg,{'w_49bbc79'}
78868f34.jpg,{'w_a2a1378'}
788feb6e.jpg,{'w_5af463d'}
78bdbd57.jpg,{'w_7bf3a5c'}
78da3ecc.jpg,{'w_1287fbc'}
78ea33a2.jpg,{'new_whale'}
7915ec48.jpg,{'w_1d53d9c'}
79222980.jpg,{'new_whale'}
7943acec.jpg,{'w_87050a3'}
794f74d0.jpg,{'w_ae1db8a'}
79660261.jpg,{'w_87e00c8'}
797966b9.jpg,{'w_ec38983'}
79a62bd6.jpg,{'w_15928c6'}
79c2f785.jpg,{'new_whale'}
79c65464.jpg,{'new_whale'}
79e208df.jpg,{'w_78948b5'}
7a0d3770.jpg,{'w_d2be6cc'}
7a112801.jpg,{'w_6a78025'}
7a11f5b1.jpg,{'w_dfd7ee8'}
7a126d57.jpg,{'w_e3f51ec'}
7a270116.jpg,{'w_aeca19c'}
7a36f7a4.jpg,{'w_c352046'}
7a370e46.jpg,{'w_8d83172'}
7a71147e.jpg,{'w_d4bc10d'}
7a723b4d.jpg,{'w_ee17a08'}
7ad128f5.jpg,{'w_af67683'}
7b03445a.jpg,{'w_db2baec'}
7b230f77.jpg,{'w_8f3cb68'}
7b58ce33.jpg,{'w_7763134'}
7baa93ae.jpg,{'w_02d7dc8'}
7bcc6bf6.jpg,{'new_whale'}
7bd3181d.jpg,{'w_7419e4b'}
7bf7e077.jpg,{'w_0471bdf'}
7c19e299.jpg,{'w_2e872af'}
7c2e8ecd.jpg,{'new_whale'}
7c2fd440.jpg,{'w_44f0fa2'}
7c534354.jpg,{'w_6a78025'}
7c559b68.jpg,{'w_a048f26'}
7c72d707.jpg,{'w_da2efe0'}
7c9accad.jpg,{'w_984a3fa'}
7c9deede.jpg,{'w_eb9ab29'}
7cbd7fc7.jpg,{'w_ba17206'}
7cd1936f.jpg,{'w_7c7a78c'}
7cd8e528.jpg,{'w_c34afd7'}
7d0ad94b.jpg,{'w_8ba2066'}
7d175db0.jpg,{'w_8a1ab00'}
7d37e100.jpg,{'w_1ae1386'}
7d3c079e.jpg,{'w_2250fa9'}
7d5e2202.jpg,{'w_fc7cc24'}
7db594d6.jpg,{'w_42dd100'}
7dca2c1a.jpg,{'w_c133ea8'}
7dcc9789.jpg,{'new_whale'}
7dcf340a.jpg,{'w_837646b'}
7dd9ce5b.jpg,{'w_a913945'}
7de19f19.jpg,{'new_whale'}
7de88806.jpg,{'w_19f7a8b'}
7e1e226a.jpg,{'w_4c3cd83'}
7e1f2820.jpg,{'w_ba39446'}
7e5a3de2.jpg,{'w_eff7e35'}
7e7a8639.jpg,{'w_4fd48e7'}
7e82a699.jpg,{'w_17ee910'}
7e8fed53.jpg,{'w_6fcceaf'}
7e95b9b9.jpg,{'w_2a32d3d'}
7ec7f33e.jpg,{'w_17370ba'}
7ee3de52.jpg,{'w_552a16e'}
7f1b9071.jpg,{'w_3f90907'}
7f22dd69.jpg,{'w_06ff732'}
7f297c92.jpg,{'new_whale'}
7f35e607.jpg,{'new_whale'}
7f3b271e.jpg,{'w_fd1cb9d'}
7fa1be66.jpg,{'new_whale'}
7fa4cc8e.jpg,{'w_51df6ac'}
7fa99f8d.jpg,{'w_ec853f1'}
7ff01ddd.jpg,{'w_fbcb6e4'}
800677dd.jpg,{'new_whale'}
804fdd64.jpg,{'w_f792125'}
805662a0.jpg,{'w_d9aab0a'}
80ed3ae7.jpg,{'new_whale'}
81232d97.jpg,{'w_fe054f3'}
8129219c.jpg,{'w_f5a2610'}
81556ead.jpg,{'w_c9dfa13'}
819999f7.jpg,{'w_222dcb7'}
81bae29d.jpg,{'w_2ea9744'}
81ca627a.jpg,{'w_fd1cb9d'}
81cf8057.jpg,{'w_0d049cf'}
81f30531.jpg,{'new_whale'}
820be618.jpg,{'w_f22f3e3'}
8234ac42.jpg,{'w_b4ad62f'}
826832b9.jpg,{'w_1274a11'}
826fac90.jpg,{'w_41da937'}
827b658d.jpg,{'w_8963cff'}
827e47a7.jpg,{'w_9b401eb'}
82a984e5.jpg,{'w_a19eecd'}
82b07645.jpg,{'w_5f50b5e'}
82b4fe2f.jpg,{'new_whale'}
82c626ff.jpg,{'w_05567a9'}
82d3ce3b.jpg,{'w_6635a97'}
82e1d246.jpg,{'new_whale'}
82f53be8.jpg,{'w_18eee6e'}
8303ceae.jpg,{'w_5b99089'}
832ce464.jpg,{'w_6438b7d'}
833563d5.jpg,{'w_d88328d'}
833a29b4.jpg,{'w_684ca15'}
833e8a2c.jpg,{'w_8a31e6c'}
83529f86.jpg,{'w_d014794'}
836c80f0.jpg,{'w_9146eae'}
8373e18c.jpg,{'w_7214e98'}
8376a344.jpg,{'w_a687e28'}
837e515e.jpg,{'new_whale'}
8380d897.jpg,{'w_70e49bc'}
8384c3a3.jpg,{'w_1287fbc'}
838ee52e.jpg,{'w_3076d8c'}
83b5a8b1.jpg,{'new_whale'}
8406467e.jpg,{'w_63d1ea6'}
846778e6.jpg,{'w_309a2b3'}
847ffdf5.jpg,{'w_1489751'}
848759e9.jpg,{'w_6c23fcc'}
8495ae89.jpg,{'w_b70a0c4'}
84af8c30.jpg,{'w_c98f439'}
84bd30e4.jpg,{'new_whale'}
84db2c94.jpg,{'w_0d049cf'}
84e10b1c.jpg,{'w_1eafe46'}
84e13dfb.jpg,{'new_whale'}
850e658c.jpg,{'w_18df014'}
855b5ce3.jpg,{'w_18df014'}
8562b6fb.jpg,{'w_f2eb971'}
857c82d8.jpg,{'w_8a438a4'}
85a5d038.jpg,{'w_33909b8'}
85ad2200.jpg,{'w_da2efe0'}
86034752.jpg,{'new_whale'}
86334414.jpg,{'w_156c0db'}
864b2324.jpg,{'w_8f50a1f'}
866a24fe.jpg,{'w_92d55a6'}
867b6d4e.jpg,{'w_c27d036'}
8683cf73.jpg,{'w_f83b1f9'}
868a32a4.jpg,{'w_073f071'}
86c68144.jpg,{'w_44cccf6'}
86c71589.jpg,{'w_ea9b531'}
86f92068.jpg,{'w_ef6e6a9'}
870d0739.jpg,{'new_whale'}
87395f8b.jpg,{'new_whale'}
875e36d5.jpg,{'w_c94f464'}
8763ae38.jpg,{'w_2be1c9c'}
877709ea.jpg,{'w_fcda065'}
87a27c4d.jpg,{'w_b729b1f'}
87a37a22.jpg,{'w_e3f51ec'}
87b332ee.jpg,{'w_30f095d'}
87bf4ffd.jpg,{'w_e0e133a'}
87cdca55.jpg,{'w_e61dd6d'}
87e70d61.jpg,{'w_f986587'}
88bf115e.jpg,{'w_7b39dda'}
88c1fb15.jpg,{'w_03c84ef'}
88c2f58b.jpg,{'w_1c3e5da'}
88d95a67.jpg,{'w_bd61ca9'}
88e4d5b5.jpg,{'new_whale'}
890cf8c4.jpg,{'w_53859b2'}
8942a06a.jpg,{'w_53064a6'}
89c94943.jpg,{'w_f22f3e3'}
89e24612.jpg,{'w_ce7c6c0'}
8a13780e.jpg,{'w_78f2e92'}
8a1bd110.jpg,{'w_3c304db'}
8a2bd62b.jpg,{'w_6dd7c3d'}
8a413e35.jpg,{'new_whale'}
8a43ab2d.jpg,{'w_70b4610'}
8a781611.jpg,{'w_2dae424'}
8a9b83e9.jpg,{'w_bb37d93'}
8a9cf7e5.jpg,{'w_c5d7c03'}
8aaf1a05.jpg,{'w_c751211'}
8abe1548.jpg,{'w_e8a6c4b'}
8ad954eb.jpg,{'w_8a31e6c'}
8ae6238d.jpg,{'w_cb5ea24'}
8ae78881.jpg,{'w_29d2cec'}
8b1dbac0.jpg,{'w_8244367'}
8b444465.jpg,{'w_63d10a1'}
8b4cf458.jpg,{'w_6132293'}
8b5908db.jpg,{'w_b970272'}
8b757590.jpg,{'w_2018f6c'}
8b9bfa19.jpg,{'w_6a2c07f'}
8ba3c241.jpg,{'w_fb7a56b'}
8ba9536c.jpg,{'w_3026ce2'}
8c24db82.jpg,{'w_8861715'}
8c5a876f.jpg,{'w_e4f1fcc'}
8c8507fe.jpg,{'w_17a2610'}
8cab1bbd.jpg,{'w_f8e6546'}
8cc0347b.jpg,{'w_d5ec83f'}
8cc15aa4.jpg,{'w_c58b474'}
8cf4ee2f.jpg,{'w_83df8d5'}
8d12b1a0.jpg,{'w_65428d9'}
8d13bf14.jpg,{'w_9ec358c'}
8d2c4820.jpg,{'w_6e5b022'}
8dca9d64.jpg,{'w_e69cef0'}
8e0f3faa.jpg,{'new_whale'}
8e3ae2ad.jpg,{'w_02d5fad'}
8e3d8e05.jpg,{'w_ca0ec7c'}
8e6c2d11.jpg,{'w_ef52dd3'}
8e8e966e.jpg,{'w_309a2b3'}
8e9b9a54.jpg,{'w_64a51a4'}
8eb7c917.jpg,{'w_8bde95b'}
8ed8ef53.jpg,{'w_83034c7'}
8f169741.jpg,{'w_4133134'}
8f1810e9.jpg,{'w_fb99d39'}
8f641913.jpg,{'w_e69cef0'}
8f82d3ce.jpg,{'w_49bbc79'}
8f91cab2.jpg,{'w_987a36f'}
8fadaff5.jpg,{'w_6232813'}
8fd96961.jpg,{'new_whale'}
8ff07b6c.jpg,{'w_b6886e5'}
9001e64e.jpg,{'w_c0d494d'}
900885ce.jpg,{'w_3d0bc7a'}
900d78fa.jpg,{'w_a358522'}
9016ae05.jpg,{'w_3d8c865'}
90c49192.jpg,{'w_c8f7bcd'}
910b4871.jpg,{'w_4e68ddc'}
919c8617.jpg,{'w_5af463d'}
91e5f301.jpg,{'w_7c7a78c'}
9206e079.jpg,{'w_dfbfe10'}
92146d85.jpg,{'w_059ac60'}
924df66f.jpg,{'w_d8f848c'}
925a6caf.jpg,{'new_whale'}
925c6294.jpg,{'w_56bbc91'}
9266b71c.jpg,{'new_whale'}
92945af3.jpg,{'w_b47a4a1'}
92abd4dc.jpg,{'w_2a939eb'}
92ca24b7.jpg,{'w_71c7322'}
92e9a58e.jpg,{'w_7a3a328'}
92f5fc28.jpg,{'w_5deefd9'}
9316fbd9.jpg,{'w_df092eb'}
931fee0b.jpg,{'w_7c943ab'}
93244a0b.jpg,{'w_58bca3c'}
9324ef8b.jpg,{'w_a335e80'}
9366a2a8.jpg,{'w_ecb9a79'}
93987849.jpg,{'w_4b18498'}
93bbba81.jpg,{'w_95874a5'}
93bbca24.jpg,{'w_b648329'}
93d859d2.jpg,{'w_c8f7bcd'}
94183a62.jpg,{'w_df7485b'}
944ea0d8.jpg,{'w_530f87b'}
948db705.jpg,{'w_1e7bb93'}
949ca0ac.jpg,{'w_abe383e'}
949d19dd.jpg,{'w_e6d0696'}
94bc8c1f.jpg,{'w_9b3ed01'}
954e388b.jpg,{'w_91b7c58'}
95561b35.jpg,{'w_45461e6'}
9572ae00.jpg,{'new_whale'}
959081ca.jpg,{'w_d9aab0a'}
9595b03a.jpg,{'new_whale'}
959ed9af.jpg,{'w_fb72090'}
95a1e2c6.jpg,{'w_c0d494d'}
95ae3c8d.jpg,{'w_80d95d6'}
95b3acd4.jpg,{'w_41fa033'}
95cd730f.jpg,{'w_49bbc79'}
95d087c9.jpg,{'w_b7a832a'}
95fa67a3.jpg,{'w_ea96346'}
95faf9bb.jpg,{'w_717a293'}
95fd9a46.jpg,{'w_5e04db0'}
962de98e.jpg,{'w_0fecdf7'}
9633586d.jpg,{'w_fe5e78b'}
9637f9f0.jpg,{'w_9d9913a'}
963f6efd.jpg,{'w_8e3ebeb'}
96a9a969.jpg,{'w_e5250e9'}
96afdb14.jpg,{'w_19a5685'}
96c1caa3.jpg,{'w_24bdae3'}
9714c3d8.jpg,{'w_c429c2a'}
971736f7.jpg,{'w_4a7080a'}
9731acbb.jpg,{'new_whale'}
9735cc02.jpg,{'w_dbaa2b1'}
9758f1b8.jpg,{'w_ace8c54'}
977c4b0b.jpg,{'w_12cdfbd'}
9788a33d.jpg,{'w_f7a0fd7'}
978e9b80.jpg,{'w_ab6bb0a'}
97acfdb5.jpg,{'w_e147c40'}
97c4d3d5.jpg,{'w_bb2d34d'}
98058390.jpg,{'w_fba3bde'}
9807c2a5.jpg,{'w_2a51a27'}
980f3c8f.jpg,{'w_993d66c'}
98f0b45d.jpg,{'new_whale'}
996f51f6.jpg,{'w_a2564cf'}
9984a2e5.jpg,{'w_b6efe77'}
99a818bd.jpg,{'w_ba5336c'}
99dd7db7.jpg,{'new_whale'}
9a030827.jpg,{'w_53064a6'}
9a03ad1a.jpg,{'new_whale'}
9a03b94c.jpg,{'w_9122179'}
9a1aa783.jpg,{'w_f6086ac'}
9a2356a0.jpg,{'w_b9e00eb'}
9a427015.jpg,{'w_39c7462'}
9a4ca0b5.jpg,{'w_69a9f72'}
9a6e906e.jpg,{'w_15d7ecf'}
9a8d4005.jpg,{'w_0d2dc7e'}
9a99e384.jpg,{'w_099ab25'}
9a9a24bc.jpg,{'w_e0f1df1'}
9aa844d4.jpg,{'w_edcb241'}
9abf40e9.jpg,{'w_0ecff13'}
9afb9e79.jpg,{'w_18eee6e'}
9b46ed68.jpg,{'new_whale'}
9b573c6a.jpg,{'w_ab6db0f'}
9b612c7e.jpg,{'w_d9055d1'}
9b94f730.jpg,{'w_0fecdf7'}
9ba29493.jpg,{'w_6361632'}
9bc04aee.jpg,{'w_050d056'}
9bfc3c83.jpg,{'w_3608443'}
9c1486d4.jpg,{'new_whale'}
9c660fc5.jpg,{'w_1948625'}
9c799d3f.jpg,{'w_9ae554b'}
9c85341f.jpg,{'w_e0818df'}
9c9afdaf.jpg,{'w_7028d77'}
9ca6aba0.jpg,{'w_2168ae2'}
9ca83d53.jpg,{'w_b7d5069'}
9cd593ac.jpg,{'w_44f66a7'}
9cf4ca9b.jpg,{'w_1489751'}
9d6bca36.jpg,{'w_f0d8be1'}
9d7e93ea.jpg,{'w_8327e8d'}
9d8bc5cc.jpg,{'w_0c70bc3'}
9d9bd9ff.jpg,{'w_309a2b3'}
9dfcae2d.jpg,{'w_fb4d1f1'}
9e0b9be9.jpg,{'w_a14ccaa'}
9e10c349.jpg,{'w_7311fe4'}
9e123364.jpg,{'w_26f9f95'}
9e52f39f.jpg,{'w_b942708'}
9e5a9198.jpg,{'w_5d84c65'}
9e912090.jpg,{'w_4620de1'}
9ef752c5.jpg,{'w_dfbfe10'}
9f0eb0dc.jpg,{'w_89317b0'}
9f5e95f8.jpg,{'w_4fd48e7'}
9f91ec81.jpg,{'w_ae07541'}
9f925716.jpg,{'w_ea2385d'}
9f92b98d.jpg,{'w_711aaa1'}
9fa72c86.jpg,{'w_41fa033'}
9fb1ca1b.jpg,{'w_38e4aae'}
9fc43aa0.jpg,{'w_7b3f9d1'}
9ff10941.jpg,{'w_9875c12'}
a009828c.jpg,{'w_5e04db0'}
a0185167.jpg,{'w_3d8c865'}
a041f387.jpg,{'w_60c5e7e'}
a07c519a.jpg,{'w_1904e8c'}
a07c5ba7.jpg,{'w_ddbf533'}
a084a4da.jpg,{'w_b688397'}
a0be8255.jpg,{'w_f86488a'}
a0ce5272.jpg,{'w_0899118'}
a0e55c4e.jpg,{'w_096bc48'}
a0e66d8c.jpg,{'w_18a854b'}
a1065c57.jpg,{'w_b688397'}
a11f1a67.jpg,{'new_whale'}
a1726635.jpg,{'w_62f804d'}
a1743c92.jpg,{'new_whale'}
a1a07ee3.jpg,{'w_b942708'}
a1a280af.jpg,{'new_whale'}
a1c42179.jpg,{'w_551f5ca'}
a1c70c69.jpg,{'w_52a8436'}
a1fee991.jpg,{'w_a950d1c'}
a2397c06.jpg,{'w_0324b97'}
a248760c.jpg,{'w_71764b4'}
a2494e7a.jpg,{'w_dfbfe10'}
a25ff0e1.jpg,{'new_whale'}
a261a7a2.jpg,{'new_whale'}
a26fad4d.jpg,{'w_72d5b6c'}
a27f0150.jpg,{'w_e86cf21'}
a27fdae2.jpg,{'w_64f3545'}
a2892438.jpg,{'w_402784d'}
a2adf3b8.jpg,{'w_ca813c2'}
a2e54dcb.jpg,{'w_56f2b1e'}
a33bdc7b.jpg,{'w_0899118'}
a3463095.jpg,{'w_db2baec'}
a34f4aba.jpg,{'w_bf3449f'}
a38151be.jpg,{'w_17ee910'}
a3a8b8a0.jpg,{'w_f6fb689'}
a3c563ad.jpg,{'w_6092d5c'}
a3dd88cb.jpg,{'w_5a2075e'}
a3f19c55.jpg,{'w_06c470d'}
a40d8ad7.jpg,{'w_372ae75'}
a44ce39a.jpg,{'w_7459706'}
a4617797.jpg,{'w_08f1502'}
a4b52499.jpg,{'w_b678944'}
a4ba9817.jpg,{'w_f229b69'}
a4e22701.jpg,{'w_fe6617a'}
a50847eb.jpg,{'w_d80e1bc'}
a50e0a66.jpg,{'w_59461a4'}
a5223de0.jpg,{'w_62c3998'}
a52b0a4c.jpg,{'w_87c4190'}
a53809dd.jpg,{'w_cbedcb0'}
a5872e02.jpg,{'w_fdf60bb'}
a5d9e849.jpg,{'w_56f9abb'}
a6178dbc.jpg,{'w_073b15e'}
a626ea32.jpg,{'new_whale'}
a6588230.jpg,{'w_eb0a6ed'}
a68b4b07.jpg,{'w_1a70685'}
a7762731.jpg,{'w_d037229'}
a78cdd78.jpg,{'new_whale'}
a7bb7be8.jpg,{'w_d37b55b'}
a7c139f4.jpg,{'w_fbcb6e4'}
a7f324bf.jpg,{'w_a22f338'}
a80e27da.jpg,{'w_ee17a08'}
a8312051.jpg,{'w_d47e2e3'}
a84cc358.jpg,{'w_1a5e7a2'}
a861fa2f.jpg,{'new_whale'}
a8dbeaa7.jpg,{'new_whale'}
a8f490ad.jpg,{'w_733fe81'}
a91049b9.jpg,{'w_83714b7'}
a93faaf6.jpg,{'w_0824736'}
a940cf21.jpg,{'w_5ba417d'}
a954819b.jpg,{'w_7b69289'}
a969fe85.jpg,{'w_778ee6e'}
a972c1d5.jpg,{'w_98baff9'}
a98bfd97.jpg,"{'w_7028d77', 'w_f6bca7a'}"
a9ae4b24.jpg,{'new_whale'}
a9c167ff.jpg,{'w_1948625'}
a9c37f80.jpg,{'w_1fc14e9'}
a9c7e8cf.jpg,{'w_bfe749f'}
aa5f4a9e.jpg,{'w_7bda16b'}
aad60fd7.jpg,{'w_1911cbb'}
ab096689.jpg,{'w_fc7cc24'}
ab0debd5.jpg,{'w_9c3db0a'}
ab3fa5b4.jpg,{'w_1ac4c38'}
ab7c2378.jpg,{'w_1f00cb7'}
aba0c873.jpg,{'w_f188f95'}
aba16389.jpg,{'w_bf38f05'}
abb17c4b.jpg,{'w_4dfe7cb'}
abb917af.jpg,{'w_414f402'}
ac08d7f9.jpg,{'new_whale'}
ac0ef79e.jpg,{'w_1febbf3'}
ac2496fd.jpg,{'w_64830fa'}
ac355f87.jpg,{'w_23526cb'}
ac4618b8.jpg,{'w_816d344'}
ac9826ea.jpg,{'w_3d66298'}
aca6852f.jpg,{'w_62f804d'}
acd00f09.jpg,{'new_whale'}
ad2965b3.jpg,{'w_97f5054'}
ad2e9328.jpg,{'w_fa32440'}
ad365622.jpg,{'w_0e9f6d9'}
ad5145b5.jpg,{'w_8044362'}
ad5dfd0d.jpg,{'new_whale'}
ada9a221.jpg,{'w_c6be61e'}
adb05093.jpg,{'w_2901dbf'}
adb2a13f.jpg,{'w_5054c6a'}
adbd023b.jpg,{'w_9b098ea'}
adc49937.jpg,{'w_9e22ded'}
adebf421.jpg,{'w_ace34dc'}
adf60592.jpg,{'w_57c14db'}
ae259656.jpg,{'new_whale'}
ae336a3e.jpg,{'w_eb47189'}
ae3a4ee0.jpg,{'w_43be268'}
ae417ffa.jpg,{'w_3061bdd'}
aee68659.jpg,{'w_5f50b5e'}
aefd2ba9.jpg,{'new_whale'}
af2264cb.jpg,{'w_881f3c4'}
af2d80cb.jpg,{'w_c241e72'}
af3d3a07.jpg,{'w_55647bd'}
af3d8a0c.jpg,{'w_b8dff40'}
af45eca5.jpg,{'w_2870b33'}
af9931aa.jpg,{'new_whale'}
af9c0177.jpg,{'w_4fd48e7'}
afa0ceaf.jpg,{'w_e6d0696'}
afbe35e6.jpg,{'w_6c23fcc'}
aff1076a.jpg,{'w_01b2250'}
b008b47d.jpg,{'w_2039053'}
b017b20d.jpg,{'w_3d187b5'}
b027b2dc.jpg,{'w_c0f3e88'}
b0340ffa.jpg,{'w_dff2982'}
b0607baa.jpg,{'w_8cd3036'}
b0754edd.jpg,{'w_da63cba'}
b0760a80.jpg,{'w_8a00b09'}
b0a6d9e9.jpg,{'w_29670e2'}
b0c13887.jpg,{'new_whale'}
b0c608b8.jpg,{'w_e0bbddc'}
b1151672.jpg,{'w_d4251cb'}
b128da65.jpg,{'w_7c7a78c'}
b14bee25.jpg,{'w_eea20c4'}
b15cf8d1.jpg,{'w_ff70408'}
b1b2a463.jpg,{'new_whale'}
b1bea65c.jpg,{'w_f79b3f9'}
b1ebf301.jpg,{'w_b4ad62f'}
b206942c.jpg,{'new_whale'}
b21065ff.jpg,{'w_559ce61'}
b211e535.jpg,{'w_c551c9d'}
b22a154e.jpg,{'w_44cccf6'}
b22cce9d.jpg,{'w_8489554'}
b264efb8.jpg,{'w_8c1e2e4'}
b2a8a49f.jpg,{'w_0e9f6d9'}
b2ecc437.jpg,{'w_cbedcb0'}
b3540fe5.jpg,{'w_abc2eda'}
b387316d.jpg,{'new_whale'}
b3892d2d.jpg,{'w_552a16e'}
b38d529f.jpg,{'new_whale'}
b39caf11.jpg,{'new_whale'}
b3b96cf3.jpg,{'w_9d0e84a'}
b449b8ab.jpg,{'w_dc89c4c'}
b4612289.jpg,{'w_1eafe46'}
b4699f93.jpg,{'w_715d152'}
b46d26ed.jpg,{'w_03fcd5d'}
b46e95ad.jpg,{'w_cb7b682'}
b48ce13a.jpg,{'w_b6e6392'}
b4b46d9f.jpg,{'w_532fb22'}
b4d0094a.jpg,{'w_0819271'}
b4f03d12.jpg,{'w_07fea3d'}
b505ce9d.jpg,{'w_acbc912'}
b50847a8.jpg,{'w_f208155'}
b526dab3.jpg,{'w_8e451d9'}
b52b8058.jpg,{'w_4225bb3'}
b54537e1.jpg,{'w_376a413'}
b54fe639.jpg,{'w_0f92544'}
b5514c4d.jpg,{'w_d141590'}
b5563c3b.jpg,{'w_4a7080a'}
b560b85a.jpg,{'w_a779e16'}
b58f8f87.jpg,{'w_ebe0ad5'}
b59aa327.jpg,{'w_cbac51f'}
b5a61d42.jpg,{'w_cd65880'}
b5b0abe5.jpg,{'w_a80620a'}
b5bf8e2e.jpg,{'w_e2e56e9'}
b6113679.jpg,{'w_243e33e'}
b653c758.jpg,{'w_452f14f'}
b66e1db9.jpg,{'w_ce29d2a'}
b6c43562.jpg,{'w_12cdfbd'}
b6cad193.jpg,{'w_143b201'}
b6df2ec1.jpg,{'new_whale'}
b6ed5923.jpg,{'new_whale'}
b6f2e0a2.jpg,{'w_afe953f'}
b6f99dad.jpg,{'w_3664a22'}
b716635e.jpg,{'w_794effc'}
b7379a81.jpg,{'w_6438b7d'}
b7388e74.jpg,{'w_1a70685'}
b744f85d.jpg,{'w_fe424c3'}
b7506bac.jpg,{'w_1272a31'}
b76d70c6.jpg,{'w_1ac4c38'}
b7ee145f.jpg,{'w_f64658b'}
b81bc1d3.jpg,{'w_7b035cc'}
b84f3f14.jpg,{'w_b8f8e69'}
b8926b07.jpg,{'new_whale'}
b892c986.jpg,{'w_bcb0696'}
b90439b6.jpg,{'w_bbc2a14'}
b92e30c3.jpg,{'w_b46bd60'}
b94cd642.jpg,{'w_17e592c'}
b95ff924.jpg,{'w_00c4901'}
b962cbb9.jpg,{'new_whale'}
b9afb65f.jpg,{'w_c1e8594'}
b9dc58e5.jpg,{'w_1a9a38e'}
b9f272a8.jpg,{'w_13c6b6b'}
b9f8a5d6.jpg,{'w_9438980'}
ba00fd36.jpg,{'w_0c6d50d'}
ba139a47.jpg,{'w_2d99a0c'}
ba2705de.jpg,{'w_c708dc7'}
ba96a047.jpg,{'w_9ea2cc3'}
baab807a.jpg,{'w_693c9ee'}
baf0fceb.jpg,{'w_44cccf6'}
bb146299.jpg,{'w_1c2fb13'}
bb16aab5.jpg,{'w_7e49f1e'}
bb2b7703.jpg,{'w_dcf2001'}
bb4351d7.jpg,{'w_a254eb0'}
bb52d0b8.jpg,{'w_ba53619'}
bb561c84.jpg,{'new_whale'}
bb5838d5.jpg,{'w_1fd0d0e'}
bb6ff0aa.jpg,{'w_49bbc79'}
bba009aa.jpg,{'w_153645e'}
bbf33b01.jpg,{'w_e1431ba'}
bc04197c.jpg,{'w_d382236'}
bc6475b6.jpg,{'w_72e70e5'}
bc9fdb14.jpg,{'new_whale'}
bce26556.jpg,{'w_1287fbc'}
bcea9559.jpg,{'w_503ff17'}
bd26dddf.jpg,{'w_3565288'}
bd6b9eb3.jpg,{'w_cf25b86'}
bd6d9c1b.jpg,{'w_2901dbf'}
bdaedb10.jpg,{'w_af98182'}
bdc8f8c0.jpg,{'w_b678944'}
bdcdb761.jpg,{'w_81b402a'}
bde31f6b.jpg,{'w_7cd711c'}
be3dee76.jpg,{'w_024358d'}
be55009d.jpg,{'w_bd65ef8'}
be81b5d1.jpg,{'w_735ce7d'}
bea0e5f3.jpg,{'new_whale'}
bea8e20d.jpg,{'w_89d9c03'}
beae652c.jpg,{'w_490c8a0'}
beb34407.jpg,{'w_ebf3f26'}
bec82230.jpg,{'w_8b56cb1'}
bed3698c.jpg,{'w_290f82b'}
befa211a.jpg,{'w_ace8c54'}
bf5e5ff6.jpg,{'w_8d83172'}
bf6fb4b6.jpg,{'w_1add6ae'}
bfb02cdf.jpg,{'w_5b45503'}
bff59886.jpg,{'w_29eb3b2'}
bff65826.jpg,{'w_5f0a14c'}
c0161c01.jpg,{'new_whale'}
c020d27a.jpg,{'w_1d84278'}
c02b3fcf.jpg,{'w_f6c23d5'}
c0317da9.jpg,{'w_f18df18'}
c03527b2.jpg,{'new_whale'}
c04949d6.jpg,{'w_eec1133'}
c05585d8.jpg,{'w_3172910'}
c07645c8.jpg,{'w_92d55a6'}
c0b602d8.jpg,{'new_whale'}
c0c236ef.jpg,{'w_7a95674'}
c0e0399c.jpg,{'w_ecb9a79'}
c0edc059.jpg,{'w_376a413'}
c1117fca.jpg,{'w_a494171'}
c1228693.jpg,{'w_2a1d45c'}
c179189d.jpg,{'w_a31aa30'}
c199b095.jpg,{'w_fd1cb9d'}
c1cf8577.jpg,{'w_52b06b1'}
c1f9412b.jpg,{'w_c63fdb6'}
c207b3ed.jpg,{'w_494dd45'}
c22358de.jpg,{'w_c0d494d'}
c27fb9a0.jpg,{'w_ee17a08'}
c2ba67f8.jpg,{'w_b5e3076'}
c2ea223b.jpg,{'new_whale'}
c2ecbc6e.jpg,{'w_fd1cb9d'}
c3050651.jpg,{'w_685466f'}
c34ef3bc.jpg,{'w_b39c722'}
c398dc5a.jpg,{'w_655efb0'}
c39b71d0.jpg,{'w_7e1521a'}
c3d6e88f.jpg,{'w_2bea4c4'}
c3da3791.jpg,{'w_1e7bb93'}
c3dd0a96.jpg,{'w_d10472d'}
c3ebfe7a.jpg,{'w_d94db94'}
c3efaa7d.jpg,{'w_715d152'}
c3f09687.jpg,{'new_whale'}
c41236dc.jpg,{'new_whale'}
c417a826.jpg,{'w_cdc21df'}
c4332de0.jpg,{'w_865c2ba'}
c44a1b88.jpg,{'new_whale'}
c468c2a1.jpg,{'w_238bbbf'}
c4692a20.jpg,{'w_4fd48e7'}
c469bbf9.jpg,{'w_9ea2cc3'}
c474c3ea.jpg,{'w_7f81ba5'}
c49bb103.jpg,{'w_17e592c'}
c4a57b96.jpg,{'new_whale'}
c4cbea9d.jpg,{'w_9b098ea'}
c4d35c2f.jpg,{'w_fc433f7'}
c4fd9b66.jpg,{'w_5cc2285'}
c52ef613.jpg,{'w_7cfaa82'}
c5316f5d.jpg,{'w_6710cf8'}
c54d234e.jpg,{'w_bcb0696'}
c557cea5.jpg,{'w_1f09cdd'}
c589740c.jpg,{'w_c0d494d'}
c5954a01.jpg,{'w_1287fbc'}
c59d3f18.jpg,{'w_1a70685'}
c5c34698.jpg,{'w_8e3ebeb'}
c63beb0e.jpg,{'new_whale'}
c65ccdeb.jpg,{'w_b318111'}
c6982fcf.jpg,{'w_c90c37a'}
c69b17a3.jpg,{'w_a369ccf'}
c6b2378d.jpg,{'w_851a7f4'}
c707fbf7.jpg,{'w_e603cc5'}
c717208d.jpg,{'w_361e290'}
c75b1457.jpg,{'new_whale'}
c775bb99.jpg,{'w_9b401eb'}
c777c14b.jpg,{'w_059df09'}
c779125a.jpg,{'w_f4e0748'}
c77f6739.jpg,{'w_4e54fac'}
c79e495c.jpg,{'w_bbad9a2'}
c7d915b5.jpg,{'w_3dc5e74'}
c814b4b0.jpg,{'new_whale'}
c815cdcf.jpg,{'w_3d0bc7a'}
c819890d.jpg,{'w_8d3b8b6'}
c82ada77.jpg,{'new_whale'}
c84c7d50.jpg,{'w_6badfcf'}
c8626198.jpg,{'new_whale'}
c866b037.jpg,{'w_7ae398c'}
c88984b6.jpg,{'w_a14d6d8'}
c8ce98e1.jpg,{'new_whale'}
c8e4ea52.jpg,{'w_219e33c'}
c900f00c.jpg,{'w_13c6b6b'}
c992b305.jpg,{'w_f5b8faf'}
c99be7f7.jpg,{'new_whale'}
c9c0c8e0.jpg,{'w_490c8a0'}
c9cc8d0d.jpg,{'w_f0db0ba'}
c9de33c0.jpg,{'w_c55c9cd'}
ca1cdf55.jpg,{'w_b6c4efa'}
ca2d3b83.jpg,{'new_whale'}
ca2ff7d1.jpg,{'new_whale'}
ca360fc2.jpg,{'new_whale'}
ca3ca623.jpg,{'w_6503ccd'}
ca47ce7c.jpg,{'w_29fc831'}
ca530692.jpg,{'new_whale'}
ca789412.jpg,{'w_61e1076'}
ca8fd904.jpg,{'w_2fd21ec'}
cab03664.jpg,{'w_70a31ce'}
cab08f85.jpg,{'new_whale'}
cab8b089.jpg,{'w_1875b28'}
cabbcda4.jpg,{'w_540fd73'}
cb5d25f5.jpg,{'w_df15cc8'}
cb69dff8.jpg,{'w_53f48f6'}
cbaa8714.jpg,{'w_8643ba3'}
cbe432c4.jpg,{'w_f70bf4d'}
cc054b95.jpg,{'w_ff39e03'}
cc09f116.jpg,{'new_whale'}
cc411a31.jpg,{'new_whale'}
cc813b32.jpg,{'w_69f4311'}
ccba52da.jpg,{'w_c708dc7'}
ccc47d13.jpg,{'w_b2cded6'}
cd0d6756.jpg,{'new_whale'}
cd25340c.jpg,{'w_0408054'}
cd3f80b7.jpg,{'w_2850471'}
cd4ff833.jpg,{'w_0d39a68'}
cd72a780.jpg,{'w_fc7cc24'}
cd8f4599.jpg,{'w_d1d8f98'}
cd905f11.jpg,{'w_6c899ff'}
cda4652b.jpg,{'w_9c5ed68'}
cda68cab.jpg,{'w_2d99a0c'}
cda9d5f1.jpg,{'w_9c61d57'}
cdda6b5a.jpg,{'w_9e1e278'}
cde23f50.jpg,{'w_4b16688'}
cdf51dda.jpg,{'w_db2baec'}
ce2414b0.jpg,{'w_da2efe0'}
ce37ec31.jpg,{'w_6ddff9b'}
ce560884.jpg,{'w_0a97a25'}
ce920072.jpg,{'w_693c9ee'}
cf18eb6b.jpg,{'w_5dc1c2d'}
cf20d93d.jpg,{'w_9496577'}
cf2aa502.jpg,{'w_c529cf1'}
cf2d09a4.jpg,{'w_5ba417d'}
cfa3fd9d.jpg,{'w_d88328d'}
cfb5a337.jpg,{'w_5e99ca7'}
cfb5de85.jpg,{'w_2f283f3'}
cfbcf385.jpg,{'w_5010531'}
cfbe82ed.jpg,{'w_7419e4b'}
cfd778e3.jpg,{'new_whale'}
cff5ac47.jpg,{'w_fbcb6e4'}
d00de8a2.jpg,{'w_c9dc73e'}
d03cb19b.jpg,{'w_f792125'}
d0443183.jpg,{'w_da6d50b'}
d04c18c7.jpg,{'w_fc7cc24'}
d05d867f.jpg,{'w_89e159a'}
d09f4381.jpg,{'w_8b56cb1'}
d0d1693e.jpg,{'w_721d2e9'}
d0d59d84.jpg,{'w_ae1db8a'}
d0d757ac.jpg,{'w_48dd419'}
d130cc71.jpg,{'w_7ed0d17'}
d153b5a0.jpg,{'w_ed3bd5b'}
d165fade.jpg,{'w_414f402'}
d1769ff3.jpg,{'w_2386a5a'}
d1863c13.jpg,{'w_3de676c'}
d1966a33.jpg,{'w_4855bd3'}
d1b207ea.jpg,{'w_33fc58d'}
d1e23c7c.jpg,{'new_whale'}
d203994b.jpg,{'w_0e9f6d9'}
d20b3ede.jpg,{'new_whale'}
d20d4ee0.jpg,{'w_2dbb0fe'}
d22dada0.jpg,{'new_whale'}
d23ee7cd.jpg,{'w_b0e05b1'}
d2421a1e.jpg,{'w_bb37d93'}
d264a697.jpg,{'w_398aa7f'}
d297a4ef.jpg,{'w_a533837'}
d2c0fcda.jpg,{'w_cda4b05'}
d2d22d0c.jpg,{'w_2d99a0c'}
d3505240.jpg,{'w_3e1ba5b'}
d3cda094.jpg,{'w_b6689cc'}
d3cf7753.jpg,{'w_89e159a'}
d3d1da7a.jpg,{'w_75bac95'}
d3e01b61.jpg,{'w_8c1dab2'}
d3e61914.jpg,{'w_4b87cba'}
d4299275.jpg,{'w_ca40961'}
d444086f.jpg,{'new_whale'}
d4467e68.jpg,{'w_9a0c14d'}
d44dc8cb.jpg,{'w_bf69a19'}
d4660728.jpg,{'w_c0560ac'}
d47891b3.jpg,{'w_6dc7db6'}
d4890c11.jpg,{'w_8459e39'}
d4a7c830.jpg,{'w_02e5407'}
d4bb6cef.jpg,{'w_4f6fabd'}
d4cc2295.jpg,{'w_243e33e'}
d4ddd304.jpg,{'w_076c122'}
d4e271b6.jpg,{'new_whale'}
d4f41bb7.jpg,{'w_c9111ac'}
d52d472c.jpg,{'w_8b56cb1'}
d53de219.jpg,{'w_6ae1eaf'}
d55aa9e0.jpg,{'w_d382236'}
d56368b2.jpg,{'w_778ee6e'}
d5713f8d.jpg,{'w_296749b'}
d5ab8c4c.jpg,{'new_whale'}
d5cae284.jpg,{'w_c57623d'}
d5d7da9a.jpg,{'w_d3c8520'}
d5e28a50.jpg,{'w_711aaa1'}
d5ec8128.jpg,{'w_1287fbc'}
d63e01a4.jpg,{'new_whale'}
d64afc51.jpg,{'w_97e7648'}
d652720c.jpg,{'w_d7de1ee'}
d6a8377f.jpg,{'w_17ee910'}
d6bbc2c9.jpg,{'w_56f2b1e'}
d773d2b1.jpg,{'w_d3857a6'}
d7912574.jpg,{'w_48dd419'}
d7c1613b.jpg,{'w_8867074'}
d7c48b9d.jpg,{'w_08f1502'}
d7d3afad.jpg,{'new_whale'}
d7d9cfda.jpg,{'w_0b3b659'}
d7ed434f.jpg,{'w_cd1f1ed'}
d7f77ae3.jpg,{'w_35453e0'}
d7f9321a.jpg,{'w_e3bb130'}
d80b9307.jpg,{'new_whale'}
d8249316.jpg,{'w_abc2eda'}
d8741c52.jpg,{'w_338d945'}
d8c0d629.jpg,{'w_a526492'}
d8cc22d9.jpg,{'w_62f299e'}
d8cf3ba1.jpg,{'w_8bc853a'}
d8e477dc.jpg,{'w_d8e752e'}
d8e51768.jpg,{'w_f5b8faf'}
d8ef79fe.jpg,{'w_17370ba'}
d93330ee.jpg,{'w_3de676c'}
d96474de.jpg,{'w_6547e12'}
d9679edf.jpg,{'w_7f4cd72'}
d991447d.jpg,{'w_06a6351'}
d9a550b4.jpg,{'w_89e159a'}
d9ab6236.jpg,{'w_2f6a962'}
d9bcd079.jpg,{'w_8643ba3'}
d9c9e17c.jpg,{'w_4fa1bd5'}
d9ecdc32.jpg,{'w_2cde7c0'}
da0da311.jpg,{'w_71764b4'}
da0db126.jpg,{'w_9dc6e7f'}
da167ccd.jpg,{'w_7c44934'}
da264c9b.jpg,{'w_7e49f1e'}
da6a57b5.jpg,{'new_whale'}
da6e9eb8.jpg,{'w_505a141'}
da7ca602.jpg,{'w_e0f1df1'}
da7f4fdb.jpg,{'w_89973e5'}
dae08edb.jpg,{'new_whale'}
db02586f.jpg,{'w_c8126db'}
db18258d.jpg,{'w_798bf53'}
db3a20cd.jpg,{'w_8fd5636'}
db725f2d.jpg,{'w_bf38f05'}
db80508c.jpg,{'w_8cf18ac'}
db937758.jpg,{'w_94cd45e'}
db9e9b26.jpg,{'w_cc1f8bc'}
dba9aa05.jpg,{'new_whale'}
dbc80cc7.jpg,{'w_d6e437d'}
dbd377d5.jpg,{'w_7a9f3f6'}
dbd76895.jpg,{'w_4ebeafb'}
dbe7d626.jpg,{'w_bde9c34'}
dc2b8129.jpg,{'w_0771d4b'}
dc44e20c.jpg,{'w_75378d3'}
dc47bb21.jpg,{'w_4e1f7bd'}
dc4c2d2a.jpg,{'w_f6c23d5'}
dc9473c9.jpg,{'w_5f68f56'}
dcb1689d.jpg,{'w_2a939eb'}
dcf8ca21.jpg,{'w_ff70408'}
dd12d4c9.jpg,{'w_d66572d'}
dd2a1035.jpg,{'w_6e47e0e'}
dd372f9f.jpg,{'w_e158680'}
dd39b81f.jpg,{'w_69185bb'}
ddbd3d3f.jpg,{'new_whale'}
ddd28412.jpg,{'w_a3c6ed0'}
ddd94f02.jpg,{'w_ec02248'}
dde6372d.jpg,{'w_c3ff6f2'}
de098549.jpg,{'w_07616fd'}
de600cb7.jpg,{'w_482c51f'}
de602042.jpg,{'w_cd02407'}
de71e442.jpg,{'w_cb7b682'}
de8018da.jpg,{'w_d6df554'}
de915e90.jpg,{'w_5ad2030'}
dee306f6.jpg,{'w_2282bb8'}
df222b19.jpg,{'w_3e1ccc9'}
df3a53ff.jpg,{'w_a464d28'}
df4891f4.jpg,{'w_ace8c54'}
df4e8e26.jpg,{'w_5c0e858'}
df880bf0.jpg,{'w_4c8244d'}
df93b378.jpg,{'new_whale'}
dfad99f9.jpg,{'w_002222a'}
dfcecd08.jpg,{'new_whale'}
dfe0f6d5.jpg,{'w_666b072'}
e088fc6a.jpg,{'w_eb47189'}
e0d6c3fa.jpg,{'w_c0d494d'}
e0d6c515.jpg,{'w_6a3210a'}
e1159e3d.jpg,{'w_cc5fae7'}
e119f2d7.jpg,{'w_6af9dd7'}
e17cf0ca.jpg,{'w_3461d6d'}
e1841979.jpg,{'w_d3c8520'}
e19d71ac.jpg,{'w_900fab7'}
e1f9ffee.jpg,{'w_1d0e29a'}
e2318de7.jpg,{'w_60c5e7e'}
e261399a.jpg,{'w_3d66298'}
e26fa15f.jpg,{'w_abe383e'}
e27e8336.jpg,{'w_91572bb'}
e28b5f9c.jpg,{'w_b738048'}
e2bcee81.jpg,{'new_whale'}
e30051c6.jpg,{'w_a964291'}
e34edff8.jpg,{'w_7a9f3f6'}
e37dc3f9.jpg,{'w_532fb22'}
e380f597.jpg,{'new_whale'}
e381a3f5.jpg,{'new_whale'}
e3c0cfa0.jpg,{'w_e430ce0'}
e3dc2020.jpg,{'w_059e347'}
e3e39211.jpg,{'w_a19eecd'}
e3ff4282.jpg,{'w_2863d51'}
e418ffa0.jpg,{'w_7b035cc'}
e43df390.jpg,{'w_c9e1cdc'}
e4b54435.jpg,{'w_f7a0fd7'}
e4b6a768.jpg,{'w_febafc1'}
e4ee0973.jpg,{'w_4c8e7ae'}
e4fb2224.jpg,{'w_49a3a96'}
e539fb72.jpg,{'w_f8e6546'}
e53f05ea.jpg,{'w_3d4900b'}
e561b0f8.jpg,{'w_b14007c'}
e57d01a5.jpg,{'w_dcb1f2a'}
e582c7f9.jpg,{'w_045d9fc'}
e5e6b9c1.jpg,{'w_1a5e7a2'}
e62ba47b.jpg,{'w_7b035cc'}
e62d6780.jpg,{'w_773509f'}
e64104d9.jpg,{'w_4b7b80b'}
e64baa7b.jpg,{'w_7248590'}
e668e733.jpg,{'w_d3ce445'}
e6745599.jpg,{'w_b4732ef'}
e6839ab2.jpg,{'w_8534390'}
e69e5bf1.jpg,{'w_cae7677'}
e6cf6bde.jpg,{'w_076c122'}
e6fa3e31.jpg,{'w_6249f5d'}
e73ac704.jpg,{'w_97f5054'}
e7497784.jpg,{'w_ab4cae2'}
e7632645.jpg,{'w_1ec0481'}
e77f316a.jpg,{'w_8d83172'}
e78a0547.jpg,{'w_837646b'}
e7b3694b.jpg,{'w_8cf18ac'}
e7c148f4.jpg,{'w_7bf3a5c'}
e81d7140.jpg,{'w_09f9fd3'}
e822fa31.jpg,{'w_f79b3f9'}
e839425b.jpg,{'w_ceffa10'}
e8563083.jpg,{'w_e58fbe3'}
e88f2cb1.jpg,{'w_66fb697'}
e8a19bb5.jpg,{'w_bcad8eb'}
e8cf61d4.jpg,{'w_7311fe4'}
e8dbaffd.jpg,{'w_7ed0d17'}
e8f30203.jpg,{'new_whale'}
e91aa901.jpg,{'w_50d2084'}
e95e9206.jpg,{'w_9c3db0a'}
e95ea72d.jpg,{'w_89e159a'}
e98fc0b4.jpg,{'w_4dfe7cb'}
e995c24e.jpg,{'w_a3cd405'}
e99cfc49.jpg,{'w_5fc0120'}
e9a70bdd.jpg,{'w_e3c0ae5'}
e9b0f5be.jpg,{'w_afe953f'}
e9f9a002.jpg,{'w_5384c57'}
ea106a8e.jpg,{'w_11adaae'}
ea50933e.jpg,{'w_164cfff'}
ea59d34b.jpg,{'w_67de30b'}
ea7beea8.jpg,{'w_3b483d3'}
ea83bbc2.jpg,{'w_6af9dd7'}
ea9e91fb.jpg,{'w_c9e1cdc'}
eac26eef.jpg,{'w_87050a3'}
eae47465.jpg,{'w_a2f5cc0'}
eaeced15.jpg,{'w_b729b1f'}
eb15e0c6.jpg,{'w_831f124'}
eb32e979.jpg,{'w_3b3b9b2'}
eb40c5a3.jpg,{'w_1287fbc'}
eb6ebb07.jpg,{'new_whale'}
ebb15d22.jpg,{'new_whale'}
ebd366df.jpg,{'w_67e6b75'}
ebea0983.jpg,{'w_f4fc8cc'}
ecb4154d.jpg,{'w_2b939eb'}
ecc19efc.jpg,{'w_1f10750'}
ecc7d8ed.jpg,{'w_f93d780'}
ecd6d742.jpg,{'w_1274a11'}
ecf637ac.jpg,{'new_whale'}
ed05a299.jpg,{'new_whale'}
ed3870b4.jpg,{'w_86b3f04'}
ed4411ed.jpg,{'new_whale'}
edf0516d.jpg,{'w_367b996'}
edf11234.jpg,{'w_bb2d34d'}
ee2061b2.jpg,{'w_7185713'}
ee2d7e96.jpg,{'w_69e7dab'}
ee565a86.jpg,{'w_f660d7d'}
ee6752ab.jpg,{'w_a25caa9'}
ee6a201c.jpg,{'w_efbb71a'}
ee6aeb8f.jpg,{'w_e0efc4f'}
ee6aef6b.jpg,{'w_3023ee5'}
eec1653e.jpg,{'w_eb0a6ed'}
eee8af8e.jpg,{'w_90ec71a'}
ef213f34.jpg,{'w_a837660'}
ef269912.jpg,{'w_6545984'}
ef6b9274.jpg,{'w_59866ca'}
efaad29e.jpg,{'w_050d056'}
efb24d6f.jpg,{'w_efbb71a'}
efd810e1.jpg,{'w_31d3999'}
eff1747c.jpg,{'w_92d390e'}
f002012a.jpg,{'w_ffcd98e'}
f0526414.jpg,{'w_d2b4956'}
f06c457d.jpg,{'w_2ceab05'}
f08187c6.jpg,{'w_4378542'}
f093aae6.jpg,{'w_95874a5'}
f09a3afe.jpg,{'w_0be0d81'}
f0b558fd.jpg,{'w_cb7d1b5'}
f0dce5c4.jpg,{'new_whale'}
f12e2619.jpg,{'new_whale'}
f136b20b.jpg,{'w_94cd45e'}
f16b84e6.jpg,{'new_whale'}
f22f70c1.jpg,{'w_656afeb'}
f24e9df1.jpg,{'w_c27d036'}
f2a52b0d.jpg,{'w_44a6b62'}
f2b4c0fb.jpg,{'w_c0287a9'}
f2c2f6a5.jpg,{'w_eb0a6ed'}
f2d2e4f4.jpg,{'w_1489751'}
f2f57c00.jpg,{'w_b5e3076'}
f30f7b06.jpg,{'w_97982cf'}
f31475e5.jpg,{'w_f115d53'}
f347e412.jpg,{'w_da9254f'}
f36a92c0.jpg,{'w_0ee4d6d'}
f371bc2c.jpg,{'w_f18df18'}
f3733527.jpg,{'w_1287fbc'}
f38023f9.jpg,{'w_53859b2'}
f384e66a.jpg,{'w_96c141f'}
f3a835ac.jpg,{'w_0d39a68'}
f3b90f23.jpg,{'w_1d2fbc1'}
f3d65e8f.jpg,{'w_e3c1ec4'}
f3df0599.jpg,{'w_9771603'}
f3e083fb.jpg,{'w_c3684ba'}
f3e89d1a.jpg,{'w_ca8bfb4'}
f404c290.jpg,{'w_c9e1cdc'}
f40dcf2f.jpg,{'w_fba3bde'}
f40e9c78.jpg,{'w_c352046'}
f437515a.jpg,{'w_1d970c9'}
f44e3480.jpg,{'w_89e159a'}
f45f4869.jpg,{'new_whale'}
f47e26b3.jpg,{'w_01b2250'}
f48b040b.jpg,{'new_whale'}
f4bf282a.jpg,{'w_c3ff6f2'}
f4c0602b.jpg,{'w_367b996'}
f4f85800.jpg,{'w_c9e1cdc'}
f503b369.jpg,{'w_fa32440'}
f51756c7.jpg,{'w_7895123'}
f52de50b.jpg,{'new_whale'}
f537485d.jpg,{'new_whale'}
f5869fe5.jpg,{'w_fe49bc4'}
f5d08cc0.jpg,{'w_127f4c6'}
f5d69e73.jpg,{'w_f70f725'}
f5da8f52.jpg,{'w_17e8554'}
f5e4d2d2.jpg,{'w_5cc2285'}
f5ef4c14.jpg,{'w_7c7a78c'}
f66a05c2.jpg,{'new_whale'}
f68141e9.jpg,{'w_3d8c865'}
f6a5b71d.jpg,{'w_fd587bc'}
f70ea687.jpg,{'w_f229b69'}
f73c1200.jpg,{'w_9122179'}
f7ace8b9.jpg,{'w_303518a'}
f7b3ce58.jpg,{'w_61cf42e'}
f7d9bdbb.jpg,{'w_f83b1f9'}
f810f98d.jpg,{'w_cc3a724'}
f85c3c55.jpg,{'w_a91600a'}
f8621f55.jpg,{'w_c10ffe9'}
f876ca8b.jpg,{'w_491607b'}
f8999c11.jpg,{'w_b678944'}
f89ca538.jpg,{'w_3aa2073'}
f8a0c9de.jpg,{'w_7a2dfd7'}
f8cccd3f.jpg,{'w_5010531'}
f92acf1f.jpg,{'w_896023f'}
f93483e6.jpg,{'w_3b0894d'}
f93a516b.jpg,{'w_851a7f4'}
f9642a6b.jpg,{'w_7cca153'}
f9a2ad4c.jpg,{'w_e3c119c'}
f9a60ba8.jpg,{'w_3cbccb7'}
f9af2799.jpg,{'w_ace5d0c'}
f9dfbe92.jpg,{'w_13c6b6b'}
f9f756f6.jpg,{'w_0acce53'}
f9feb540.jpg,{'w_c9dc73e'}
fa0ef6cd.jpg,{'w_b9f5b8b'}
fa11e7d5.jpg,{'w_38e4aae'}
fa1502db.jpg,{'w_0d39a68'}
fa28164f.jpg,{'w_5cc51d6'}
fa44731b.jpg,{'new_whale'}
fa49be23.jpg,{'w_3449e4f'}
fa564c4d.jpg,{'w_3aa2073'}
fa6f6d84.jpg,{'w_601b6d4'}
faab7b62.jpg,{'new_whale'}
fab0568c.jpg,{'w_0d39a68'}
fae3e38d.jpg,{'w_71e6583'}
fb3ff8d1.jpg,{'w_9ca943b'}
fb40ee1f.jpg,{'w_89d9c03'}
fb50f197.jpg,{'w_fd1cb9d'}
fb7c826b.jpg,{'w_e55a554'}
fb8178d5.jpg,{'w_fe6f08d'}
fba2f600.jpg,{'w_c9e1cdc'}
fbb4b607.jpg,{'w_17ee910'}
fbcaa392.jpg,{'w_97f5054'}
fc881d58.jpg,{'w_3fc3d07'}
fc8baa66.jpg,{'w_5415fcb'}
fcbb962e.jpg,{'w_96b697f'}
fcbe8e7c.jpg,{'w_f438375'}
fcc8db36.jpg,{'w_64f3545'}
fcecaa2d.jpg,{'w_1272a31'}
fcfbe4a0.jpg,{'w_f19faeb'}
fd005e2e.jpg,{'w_70b4610'}
fd3fb596.jpg,{'w_d3c8520'}
fd42f774.jpg,{'w_a2e2f8e'}
fd46c576.jpg,{'w_3feb2df'}
fd7f19ba.jpg,{'w_9e4a26f'}
fdbc719a.jpg,{'new_whale'}
fdfacfec.jpg,{'w_bf65341'}
fe054741.jpg,{'new_whale'}
fe13ca10.jpg,{'w_40323ac'}
fe2a1492.jpg,{'w_7763134'}
fe3912d4.jpg,{'w_c3f9618'}
fe649363.jpg,{'w_6257bdf'}
fe8b1349.jpg,{'w_2fdee7b'}
fea5197b.jpg,{'w_824f286'}
feb081fe.jpg,{'w_e826a6f'}
feb37236.jpg,{'new_whale'}
fec131b4.jpg,{'w_5e57e8b'}
fef5a915.jpg,{'w_ed69e9c'}
fefaae7b.jpg,{'w_b942708'}
ff179dea.jpg,{'w_2c68b75'}
ff902758.jpg,{'w_ba8c7bc'}
ff953b45.jpg,{'w_e6f2c2d'}
fff31d26.jpg,{'w_6d4dedc'}
